id_movie,id_director
1,1
2,2
5,4
6,5
7,6
8,6
9,6
10,6
11,7
12,8
13,9
14,9
15,10
16,10
17,11
18,12
18,13
19,14
20,15
21,15
22,16
23,17
23,18
24,17
24,18
25,19
26,20
27,21
28,22
29,23
32,24
32,25
33,26
34,27
35,28
36,29
37,29
38,29
39,30
40,31
41,31
42,31
43,31
44,32
45,33
46,34
47,34
48,34
49,35
50,36
51,37
52,38
53,39
54,39
55,29
56,40
57,41
58,42
59,43
60,44
61,44
62,45
63,45
64,46
65,46
66,46
67,47
68,48
69,49
70,49
71,50
72,51
73,51
74,52
75,52
76,53
77,54
78,55
79,41
80,56
81,57
82,58
83,59
83,60
84,61
85,62
86,63
87,64
88,65
89,66
90,66
91,66
92,66
93,67
94,30
95,30
96,30
97,30
98,68
99,68
100,68
101,69
102,70
103,71
104,71
105,71
106,72
106,73
106,74
107,72
107,73
107,74
108,75
109,76
110,76
111,45
112,77
113,78
114,79
115,80
116,81
117,81
118,81
119,82
120,83
121,83
122,84
123,84
124,85
125,85
126,85
127,86
128,86
129,86
131,87
132,88
133,89
134,90
135,11
136,11
137,11
138,11
139,11
140,11
141,11
142,91
143,92
144,93
145,93
146,94
147,94
148,95
148,96
148,97
148,98
148,99
148,100
149,101
150,101
151,101
152,101
153,102
154,103
155,104
156,105
157,106
158,107
159,107
160,108
161,109
162,90
163,110
164,110
165,110
166,110
167,111
168,82
169,112
170,112
171,112
172,112
173,112
174,112
175,113
176,113
177,113
178,114
179,115
179,116
180,117
181,82
182,82
183,82
184,82
185,82
186,118
186,119
187,118
187,119
188,118
188,119
189,120
189,121
190,120
190,121
191,120
191,121
192,120
192,121
193,65
194,65
195,122
196,109
197,109
198,109
199,123
200,124
201,125
202,126
203,126
204,127
205,128
206,129
206,130
207,129
207,130
208,131
209,132
210,132
211,133
212,134
213,135
214,136
215,137
216,137
217,138
218,136
219,139
220,140
220,141
221,138
222,142
223,143
224,143
225,144
226,144
227,145
228,146
229,144
230,147
231,148
232,149
233,150
234,151
235,152
235,145
236,154
237,154
238,155
239,155
240,156
241,146
242,148
243,157
244,157
245,158
246,158
247,159
248,160
249,160
250,160
251,161
252,162
252,163
253,164
254,164
255,164
256,164
257,165
258,166
259,167
260,167
261,168
262,168
263,168
264,168
265,169
266,169
267,170
268,170
269,171
270,172
271,172
272,168
273,173
274,173
275,173
276,173
277,174
278,85
279,85
280,85
281,85
282,85
283,85
284,85
285,85
286,85
287,85
288,85
289,175
290,103
290,177
290,96
291,168
292,179
293,180
294,180
295,168
295,182
296,179
297,179
298,179
299,179
300,179
301,179
302,179
303,179
304,179
305,183
305,56
305,185
305,96
305,103
306,188
307,189
308,190
309,190
310,191
311,192
312,193
313,194
314,195
315,196
315,197
316,196
316,197
317,196
317,197
318,54
319,198
327,199
328,200
329,201
329,195
330,203
331,204
332,205
332,206
333,207
334,207
335,206
336,209
337,57
338,210
338,211
339,212
340,213
341,214
342,214
343,26
344,215
345,142
346,142
347,216
348,216
349,217
350,218
351,30
352,219
353,220
354,221
355,222
356,223
357,224
358,224
359,225
359,226
359,227
359,228
359,96
359,230
359,231
359,97
359,233
359,234
359,235
359,100
360,145
361,145
362,237
363,238
364,213
365,239
366,240
367,241
368,241
369,242
370,243
371,244
372,244
373,244
374,244
376,245
377,246
377,247
378,248
379,188
380,249
381,250
382,249
383,251
384,252
385,253
386,253
387,253
388,254
389,85
390,85
391,85
392,85
393,85
394,85
395,85
396,85
397,85
398,255
399,255
400,255
401,255
402,255
403,255
404,256
405,257
406,257
407,257
408,257
409,258
410,258
411,258
412,28
413,28
414,168
415,259
416,58
417,260
418,261
419,262
420,263
421,80
422,76
423,76
424,264
425,264
426,265
427,11
428,49
429,266
430,266
431,266
432,55
433,267
434,268
435,269
436,54
437,270
438,270
439,270
440,39
441,39
442,271
443,272
444,273
445,274
446,275
447,276
448,276
449,277
449,278
450,277
450,278
451,279
452,280
453,281
454,282
455,283
456,284
457,285
458,286
459,88
460,287
461,288
462,288
463,289
464,290
465,291
466,291
467,292
468,293
469,294
470,294
471,294
472,294
473,295
474,295
475,295
476,296
477,296
478,296
479,296
480,296
481,297
481,44
481,299
481,80
481,301
481,302
481,303
481,304
481,305
481,306
481,307
481,308
481,309
482,297
482,44
482,299
482,80
482,301
482,302
482,303
482,304
482,305
482,306
482,307
482,308
482,309
483,310
484,311
485,4
486,4
487,4
488,23
489,312
490,312
491,313
492,313
493,313
494,313
495,313
496,313
497,313
498,313
499,267
500,314
501,88
502,315
503,315
504,315
505,316
506,317
506,318
507,319
508,320
509,320
510,255
511,321
512,322
513,322
515,323
516,289
517,324
518,324
519,325
520,325
521,326
522,327
523,328
524,328
525,329
526,5
527,221
528,221
529,330
530,330
531,330
532,168
533,331
534,332
535,332
536,332
537,225
537,226
537,96
537,336
537,234
537,235
537,339
537,340
537,177
538,342
539,342
540,342
541,342
542,331
543,183
543,56
544,345
545,345
546,345
547,345
548,168
549,346
550,165
551,165
552,347
553,348
554,168
555,349
556,350
556,351
556,352
556,353
557,331
558,354
559,349
560,355
561,356
562,286
563,357
564,358
565,350
565,353
566,350
566,353
567,24
568,354
569,177
569,233
569,103
570,365
571,366
572,366
573,366
574,366
575,366
576,367
577,368
577,12
578,370
578,103
578,185
579,167
580,373
580,191
580,375
581,376
582,355
583,168
584,377
585,377
586,377
587,377
588,113
589,378
589,379
590,380
591,381
592,213
593,382
594,382
595,383
596,384
597,384
598,385
599,385
600,386
601,386
602,238
603,387
604,388
605,388
606,389
607,390
608,390
609,391
610,392
611,393
612,394
613,394
614,395
615,113
616,396
617,396
618,396
619,142
620,142
621,142
622,142
623,397
624,397
625,142
626,398
627,142
628,399
628,400
629,399
629,400
630,401
631,401
632,401
633,402
634,7
635,7
636,7
637,403
638,404
638,405
639,406
640,407
641,407
642,408
643,409
644,410
645,394
646,411
647,412
647,413
648,1
648,415
649,416
650,321
651,417
655,418
656,419
656,420
656,421
657,422
658,221
659,423
660,424
661,425
662,426
663,30
664,164
665,427
665,428
666,427
666,428
667,429
668,429
669,55
670,48
671,48
672,48
673,48
674,386
675,430
675,431
676,430
676,431
677,367
678,432
678,433
679,200
680,200
681,200
682,434
683,434
684,435
685,424
686,424
687,436
688,437
689,129
689,130
690,438
691,438
692,438
693,367
694,439
695,439
696,439
697,439
698,440
699,441
700,441
701,441
702,441
703,441
704,442
705,443
706,443
707,444
708,445
709,445
710,22
711,446
712,10
713,10
714,10
715,10
716,447
717,448
718,448
719,449
720,188
721,450
722,451
723,452
724,262
725,453
726,453
727,454
728,454
729,455
730,456
731,457
732,458
733,459
734,460
735,461
736,461
737,461
738,461
739,462
740,463
741,464
742,465
742,466
742,467
743,468
744,469
745,469
746,470
747,471
748,472
749,472
750,472
752,473
753,346
754,474
755,475
756,476
757,476
758,477
759,277
759,278
761,478
762,479
763,290
764,480
765,480
766,480
767,480
768,481
773,482
774,483
775,484
776,485
777,446
778,486
779,487
780,487
781,488
782,489
783,490
784,221
784,492
785,493
786,494
787,495
788,496
789,496
790,496
791,497
791,345
792,499
793,499
794,499
795,499
796,500
797,46
798,501
798,502
799,501
799,502
800,503
801,504
801,505
802,506
803,507
804,424
809,1
809,509
809,510
810,511
811,511
812,511
813,511
814,512
815,513
816,367
816,515
817,516
818,517
819,518
820,519
821,225
821,521
821,522
821,368
821,524
821,13
821,526
821,527
822,486
823,528
824,529
825,530
826,530
827,530
828,138
829,531
830,532
831,532
832,533
832,534
833,533
833,534
834,535
835,535
836,536
837,536
838,536
839,537
840,538
841,539
842,540
843,541
844,541
845,541
846,542
847,89
852,124
853,543
854,544
855,545
856,546
857,547
858,548
859,34
860,549
860,550
860,551
861,552
862,552
863,553
864,554
865,555
866,321
867,321
868,556
868,557
869,321
870,558
871,559
872,560
873,561
873,562
874,561
874,562
875,561
875,562
876,390
877,139
878,563
879,563
880,564
881,565
881,566
881,567
881,568
881,569
882,570
883,570
884,570
885,570
886,570
887,571
888,572
889,573
890,267
891,267
892,574
893,575
894,264
895,264
896,576
897,577
898,578
899,579
900,579
901,580
902,581
903,582
903,583
903,584
904,585
905,585
906,586
907,587
907,588
908,589
908,590
909,589
909,590
910,212
911,36
912,36
913,591
915,592
916,593
917,594
918,595
919,595
920,595
921,596
922,113
923,113
924,113
925,113
926,597
926,598
927,599
928,600
929,600
930,601
930,602
931,601
931,602
932,603
933,331
934,603
935,604
936,97
936,606
936,233
936,234
936,228
937,610
937,611
938,612
939,612
940,613
941,532
942,614
943,615
944,616
945,616
946,617
947,618
948,490
949,619
950,105
951,620
952,620
953,621
954,622
955,623
956,623
957,624
957,625
958,626
958,625
959,10
960,274
961,274
962,628
963,628
964,217
965,217
966,217
967,217
968,276
969,535
970,629
971,630
972,631
972,632
973,469
974,469
975,633
976,633
977,633
978,633
979,175
980,634
981,635
982,636
983,177
983,97
983,606
983,233
984,68
985,641
986,642
987,642
988,221
989,154
990,643
991,644
992,645
993,481
994,646
995,646
996,647
997,648
998,649
999,650
1000,650
1001,466
1002,466
1003,652
1004,652
1005,652
1006,653
1007,653
1008,653
1009,654
1010,655
1011,656
1012,656
1013,657
1014,83
1015,658
1016,659
1017,660
1018,661
1019,661
1020,662
1021,663
1022,664
1023,665
1024,666
1025,666
1026,421
1027,421
1028,225
1028,177
1028,606
1029,449
1030,671
1031,671
1032,671
1033,671
1034,671
1035,618
1036,672
1037,673
1038,113
1039,674
1040,675
1040,676
1041,42
1042,677
1043,39
1044,39
1045,678
1046,679
1047,680
1048,155
1049,155
1050,155
1051,681
1052,681
1053,18
1054,18
1055,683
1056,684
1057,684
1060,685
1061,686
1062,687
1063,688
1064,689
1065,690
1066,691
1067,691
1068,692
1069,693
1070,694
1071,695
1072,696
1073,696
1074,697
1075,697
1076,698
1077,699
1077,700
1078,701
1079,401
1080,702
1081,382
1082,144
1082,485
1082,705
1083,706
1083,707
1084,708
1085,709
1086,709
1087,324
1088,574
1089,654
1090,710
1091,599
1092,711
1093,712
1094,712
1095,713
1096,714
1097,715
1098,715
1099,212
1100,212
1101,212
1102,212
1103,716
1104,82
1105,717
1106,717
1107,717
1108,717
1111,718
1112,719
1113,558
1114,720
1115,46
1116,46
1117,721
1118,120
1118,121
1119,299
1120,723
1121,723
1122,723
1123,724
1124,725
1125,726
1126,726
1127,727
1128,54
1129,54
1130,728
1130,729
1131,730
1132,731
1133,732
1134,457
1135,733
1136,733
1137,734
1138,734
1139,465
1140,736
1141,737
1142,737
1143,737
1144,738
1145,738
1147,167
1147,740
1148,741
1149,741
1150,742
1151,743
1152,743
1153,743
1154,286
1155,286
1156,744
1157,744
1158,745
1159,746
1160,213
1161,213
1162,213
1163,747
1164,748
1165,749
1165,750
1166,751
1167,751
1168,751
1169,752
1170,752
1171,753
1171,754
1172,753
1172,754
1173,753
1173,754
1174,755
1175,756
1176,757
1177,757
1178,758
1179,758
1180,758
1181,759
1182,759
1183,759
1184,22
1185,88
1186,760
1187,286
1188,395
1189,761
1190,762
1191,763
1192,764
1193,765
1194,765
1195,467
1196,767
1197,768
1198,768
1199,768
1200,768
1201,769
1202,770
1203,770
1204,771
1205,772
1206,773
1207,773
1208,774
1209,775
1210,776
1211,777
1212,761
1213,136
1214,778
1215,779
1216,317
1216,318
1217,317
1217,318
1218,780
1219,781
1220,506
1221,782
1222,783
1222,784
1223,783
1223,784
1224,785
1224,786
1224,510
1225,788
1226,789
1227,790
1228,791
1229,792
1230,244
1231,244
1232,244
1233,793
1234,794
1235,794
1236,795
1237,796
1238,4
1239,797
1240,798
1241,799
1242,799
1243,799
1244,799
1245,800
1246,801
1247,802
1248,223
1250,803
1251,803
1252,580
1253,804
1254,805
1255,806
1256,806
1257,806
1258,806
1259,807
1260,808
1260,809
1261,810
1262,811
1263,812
1264,813
1265,813
1266,813
1267,813
1268,813
1269,813
1270,814
1271,815
1271,816
1272,393
1273,393
1274,817
1275,818
1275,303
1276,818
1276,303
1277,255
1278,820
1279,821
1280,822
1281,822
1282,237
1283,823
1284,794
1285,824
1286,825
1287,826
1288,136
1289,827
1290,828
1291,829
1292,829
1293,830
1293,706
1294,31
1295,31
1296,31
1297,31
1298,832
1299,832
1300,39
1301,534
1302,763
1303,763
1304,763
1305,329
1306,834
1307,835
1307,836
1308,837
1309,173
1310,173
1311,173
1312,838
1313,838
1314,839
1315,840
1316,840
1317,840
1318,840
1319,841
1320,842
1321,843
1322,843
1323,843
1324,844
1325,845
1326,846
1327,846
1328,846
1329,847
1330,847
1331,848
1332,849
1333,849
1334,850
1335,850
1336,851
1337,852
1338,349
1339,349
1340,794
1341,22
1342,447
1343,26
1344,853
1344,854
1345,855
1346,856
1347,857
1349,858
1349,859
1350,213
1351,57
1352,860
1353,861
1354,862
1355,863
1356,519
1357,262
1358,864
1359,865
1360,23
1361,866
1362,867
1363,868
1364,869
1365,167
1366,870
1367,871
1368,872
1369,873
1370,874
1371,874
1372,493
1373,409
1374,409
1375,409
1376,409
1377,875
1378,875
1379,876
1380,877
1381,878
1382,879
1383,880
1384,881
1385,881
1386,882
1387,883
1388,884
1389,885
1390,885
1391,885
1392,886
1393,887
1394,887
1395,888
1396,286
1397,889
1400,890
1401,891
1402,892
1403,893
1404,894
1405,895
1406,896
1407,896
1409,897
1409,898
1410,899
1411,900
1412,901
1413,902
1414,903
1415,904
1416,905
1417,906
1418,907
1419,907
1420,908
1421,909
1422,910
1423,910
1424,910
1425,910
1426,911
1427,39
1428,39
1429,912
1430,913
1431,350
1431,353
1432,905
1433,914
1434,914
1435,915
1436,915
1437,916
1438,917
1443,918
1444,456
1445,919
1446,920
1447,921
1448,921
1449,249
1450,922
1451,922
1452,923
1453,924
1454,924
1455,925
1456,707
1457,927
1457,928
1458,927
1458,928
1459,155
1460,929
1461,390
1462,930
1463,545
1464,931
1465,932
1466,933
1467,933
1468,934
1469,331
1470,935
1471,935
1472,935
1473,935
1474,935
1475,102
1476,936
1477,937
1478,938
1478,939
1479,940
1480,940
1481,940
1482,940
1483,940
1484,941
1485,942
1486,943
1487,618
1488,944
1489,945
1490,946
1491,173
1492,947
1493,948
1494,135
1495,949
1496,950
1497,951
1498,92
1499,952
1500,953
1501,954
1502,954
1503,954
1504,954
1505,524
1506,956
1507,956
1508,956
1509,957
1510,958
1511,959
1512,960
1513,961
1514,962
1515,963
1516,677
1517,964
1518,965
1519,965
1520,966
1521,967
1522,968
1523,969
1524,969
1525,129
1525,130
1526,415
1526,510
1527,972
1528,972
1529,165
1530,973
1531,974
1531,681
1532,799
1533,799
1534,276
1535,976
1536,976
1537,976
1538,976
1539,976
1540,976
1541,976
1542,977
1543,792
1544,155
1545,978
1545,413
1546,980
1546,981
1547,982
1548,983
1549,984
1550,985
1551,986
1552,987
1553,987
1554,988
1555,801
1556,989
1556,405
1557,263
1558,401
1559,991
1560,992
1561,31
1562,138
1563,993
1564,994
1565,995
1566,995
1567,995
1568,996
1569,997
1570,998
1571,999
1572,429
1573,745
1574,1000
1575,1001
1576,466
1577,1002
1578,1002
1579,1002
1580,1002
1581,1003
1581,1004
1582,575
1583,575
1585,84
1586,900
1587,817
1588,1005
1589,843
1590,843
1591,843
1592,843
1593,57
1594,1006
1595,1007
1596,1008
1597,1009
1598,761
1599,1010
1600,537
1601,537
1602,1011
1603,634
1604,131
1605,238
1606,367
1607,1012
1608,1013
1609,1013
1610,1013
1611,1014
1612,1015
1613,1015
1614,1016
1615,881
1616,1017
1616,1018
1617,281
1618,281
1622,1019
1623,251
1624,251
1625,1020
1626,999
1627,281
1628,281
1629,129
1629,130
1630,1021
1630,13
1631,1023
1632,1023
1633,519
1634,1024
1635,1025
1636,1025
1637,1026
1637,1027
1637,1028
1637,1029
1638,1026
1638,1027
1638,1028
1638,1029
1639,1030
1640,1031
1641,983
1642,983
1643,507
1644,1032
1645,1033
1646,1033
1649,1034
1649,1035
1650,1036
1651,983
1652,983
1653,745
1654,1037
1654,1038
1655,983
1656,139
1657,449
1658,449
1659,1039
1660,1040
1660,698
1661,1042
1662,1042
1663,1043
1664,1043
1665,1043
1666,1043
1667,761
1668,1044
1669,296
1670,296
1671,1045
1672,528
1673,528
1674,528
1675,528
1676,528
1677,1046
1678,1047
1679,1047
1680,1047
1681,48
1682,506
1683,1048
1684,1049
1685,403
1686,403
1687,403
1688,1050
1689,1050
1690,82
1691,1051
1692,309
1693,622
1694,1053
1695,1054
1696,1054
1697,1054
1698,1054
1699,1055
1700,983
1701,1056
1702,1057
1703,1057
1704,1057
1705,1058
1706,1059
1707,512
1708,1060
1709,1061
1710,462
1711,462
1712,462
1713,578
1714,578
1715,1062
1716,1062
1717,1063
1718,1063
1719,1063
1720,1064
1721,1065
1721,1066
1722,1067
1723,1067
1724,1068
1725,28
1726,28
1727,1069
1728,1070
1729,172
1730,1071
1731,1071
1732,1071
1733,1071
1734,1072
1735,881
1736,1073
1736,945
1737,125
1738,125
1739,1075
1740,1076
1741,1076
1742,1076
1743,1076
1744,1077
1745,1078
1746,1078
1747,1079
1748,1079
1749,1080
1750,244
1751,1081
1752,1021
1753,1083
1754,216
1755,1084
1756,1084
1757,290
1758,1085
1759,1086
1759,1087
1760,1088
1761,1089
1762,1090
1763,1091
1764,1092
1765,1093
1766,1094
1767,1095
1768,1095
1769,1096
1769,1097
1770,1096
1770,1097
1771,1096
1771,1097
1772,1096
1772,1097
1773,658
1774,532
1774,1099
1775,532
1775,1099
1776,87
1777,1100
1778,707
1779,707
1780,532
1781,1101
1781,1102
1782,173
1783,1103
1784,1103
1785,1104
1786,207
1787,1105
1787,1106
1788,156
1789,1107
1790,707
1791,1108
1792,1109
1792,1110
1793,1109
1793,1110
1794,1109
1794,1110
1795,592
1796,1111
1797,1112
1798,1113
1799,1114
1800,1115
1800,1116
1800,1117
1800,1118
1801,1115
1801,1116
1801,1117
1801,1118
1802,1059
1805,1119
1806,1120
1807,1120
1808,1120
1809,565
1809,502
1810,705
1811,1124
1812,1125
1813,772
1813,1127
1814,748
1815,1128
1816,1128
1817,1129
1817,1130
1817,1131
1817,1132
1817,1133
1817,1134
1817,1135
1817,1136
1817,222
1818,821
1820,1138
1821,1139
1822,1139
1823,189
1824,1140
1825,1141
1825,1142
1826,165
1827,1143
1828,1143
1829,1144
1830,1144
1831,1145
1832,1146
1833,619
1834,879
1835,1147
1836,1148
1837,1149
1838,1149
1839,763
1840,1150
1841,1151
1842,1152
1843,1153
1844,1154
1845,1155
1846,1156
1847,1157
1848,1157
1849,1158
1850,928
1851,1160
1853,91
1854,91
1855,91
1856,91
1857,1161
1858,843
1859,1162
1860,578
1861,1162
1862,1162
1863,25
1864,1164
1865,763
1869,1165
1870,621
1871,1166
1872,1167
1873,455
1874,455
1875,1168
1876,1168
1877,1169
1880,1149
1881,1170
1882,85
1883,85
1884,1171
1885,499
1886,286
1887,1172
1888,1173
1889,1174
1893,1175
1894,1176
1895,1177
1896,563
1897,563
1898,563
1899,1178
1900,221
1901,408
1902,1179
1903,1180
1904,1180
1905,1180
1906,624
1907,1182
1908,1182
1909,629
1910,962
1911,962
1912,962
1913,962
1914,1183
1914,428
1915,928
1916,928
1917,1185
1918,761
1918,154
1919,761
1919,154
1920,761
1920,154
1921,1188
1922,1189
1923,1189
1924,1091
1925,147
1926,1190
1927,1190
1928,1190
1929,1191
1930,1191
1931,1191
1932,1191
1933,629
1934,146
1934,1193
1935,139
1936,1194
1937,1194
1938,148
1939,1113
1940,817
1941,1195
1942,1196
1943,1197
1944,707
1946,1198
1947,946
1948,84
1949,1199
1950,1200
1951,1200
1952,1201
1953,1202
1954,1119
1955,144
1956,144
1957,1203
1958,684
1959,1204
1960,1205
1961,1206
1962,998
1963,998
1964,998
1965,1207
1966,1207
1967,1100
1968,282
1969,1208
1970,1209
1971,1209
1972,1210
1973,1042
1974,1211
1975,1104
1976,1212
1977,1213
1978,1214
1979,1215
1980,1216
1981,367
1982,1217
1983,1218
1984,1219
1985,1219
1986,642
1987,1216
1988,1220
1989,448
1990,1221
1991,1222
1992,1222
1993,1223
1994,1055
1995,1055
1996,623
1997,1224
1998,1225
1999,685
2000,685
2001,685
2002,685
2003,1099
2004,1099
2005,1099
2006,115
2007,489
2008,1228
2009,1229
2010,1230
2011,1231
2012,7
2012,1233
2013,708
2014,708
2015,1234
2016,1235
2017,1235
2018,1236
2019,1237
2020,1238
2021,884
2022,1161
2023,1161
2024,1161
2025,1239
2026,1240
2027,1241
2028,625
2029,320
2030,1243
2031,589
2031,590
2032,439
2033,439
2034,1244
2034,1245
2035,1244
2035,1245
2036,1246
2037,1247
2038,417
2039,1248
2040,1249
2041,1250
2042,1251
2043,1252
2044,1253
2045,1254
2045,1255
2046,1256
2047,1257
2048,1258
2049,1259
2050,1260
2051,1260
2052,1261
2053,1261
2054,246
2054,247
2055,1251
2056,1262
2057,1263
2058,1264
2059,1264
2060,1265
2061,1266
2062,1267
2063,1267
2064,1267
2065,1267
2066,1267
2067,1268
2068,1269
2069,1270
2071,1271
2072,1272
2073,1273
2074,113
2075,113
2076,113
2077,113
2078,113
2079,1270
2080,1270
2081,1274
2082,1275
2083,5
2084,5
2085,1276
2086,1276
2087,1277
2088,1278
2089,1089
2090,1279
2091,1280
2092,1176
2093,1176
2094,1281
2095,1281
2096,1282
2097,274
2098,1283
2099,574
2100,1284
2101,1285
2102,1286
2103,1270
2104,532
2105,179
2106,1287
2107,1288
2108,1289
2109,1290
2110,1290
2111,1291
2112,1000
2113,1000
2114,1000
2115,1292
2116,869
2117,869
2118,869
2119,1293
2119,1294
2120,1295
2121,417
2122,1296
2123,1297
2124,1298
2125,9
2126,1299
2127,1300
2128,1301
2129,1302
2130,1303
2131,1304
2131,1305
2132,1306
2133,1307
2134,34
2135,1308
2137,1309
2138,1310
2139,1310
2140,207
2141,992
2142,1311
2143,959
2144,959
2145,1312
2146,1313
2146,1314
2146,881
2147,1316
2148,1108
2149,1317
2150,1318
2151,1319
2152,1320
2152,1321
2153,1320
2153,1321
2154,1320
2154,1321
2155,1320
2155,1321
2156,995
2157,1322
2158,1322
2159,1322
2160,1322
2161,1322
2162,1322
2163,179
2164,1323
2165,1324
2165,1325
2166,1326
2167,1238
2168,1327
2169,1328
2170,1329
2171,1330
2172,1331
2173,1331
2174,1332
2175,447
2176,1333
2177,1334
2178,1335
2178,1336
2179,1335
2179,1336
2180,1335
2180,1336
2181,727
2181,1338
2182,1339
2183,1339
2184,1340
2185,1341
2186,207
2187,1342
2188,1343
2189,1343
2190,1343
2191,1344
2192,1345
2193,1054
2193,1347
2194,1348
2194,1270
2194,1350
2195,1351
2196,1351
2197,1352
2198,188
2199,188
2200,1353
2201,1354
2202,1355
2203,1128
2204,1356
2205,1357
2208,1358
2208,1359
2209,843
2210,1360
2211,1361
2212,1362
2213,1362
2214,1363
2215,1364
2216,1365
2217,1366
2218,1367
2219,489
2223,1368
2223,1369
2223,1370
2224,1371
2225,548
2226,5
2227,136
2228,1372
2229,1372
2230,1373
2231,1374
2232,1375
2233,1376
2234,201
2235,1378
2236,724
2237,1379
2238,1380
2239,1381
2240,1382
2241,179
2241,1384
2242,1385
2243,1386
2244,1387
2245,1388
2246,1243
2247,1389
2248,1389
2249,1389
2250,1317
2251,811
2252,1390
2253,1391
2254,252
2255,1037
2256,1393
2257,1394
2258,1395
2260,1396
2261,1086
2261,1087
2262,1397
2263,1397
2264,1397
2265,1398
2266,1399
2267,94
2268,863
2269,678
2270,1400
2271,1401
2272,1402
2273,1402
2274,909
2275,198
2276,282
2277,1403
2278,1404
2279,902
2279,1406
2280,1407
2281,1285
2282,936
2283,936
2284,1213
2287,1408
2288,1
2289,1409
2290,493
2291,493
2293,1410
2294,274
2295,274
2296,1411
2297,1411
2298,1252
2299,1412
2300,1413
2301,258
2302,907
2303,1414
2304,1414
2305,390
2306,1415
2306,1416
2307,1417
2308,1418
2309,1418
2310,1419
2311,1420
2312,1421
2314,909
2315,909
2316,1422
2317,573
2318,1423
2319,541
2320,1424
2321,1425
2322,1425
2323,1426
2324,1427
2325,618
2326,1428
2327,1264
2328,1429
2329,276
2330,276
2331,165
2332,1430
2333,1430
2334,1431
2334,1432
2335,1431
2335,1432
2336,1431
2336,1432
2337,1433
2338,913
2339,1434
2340,1435
2341,1436
2342,1437
2343,1438
2344,1
2344,1440
2345,733
2346,1441
2347,1442
2348,1443
2349,1443
2350,1443
2351,1444
2352,1143
2353,401
2354,1445
2355,354
2356,1446
2357,1447
2358,1448
2359,1449
2360,1450
2360,1451
2361,1452
2362,1453
2363,1454
2364,1455
2365,1456
2366,1457
2367,1458
2368,1459
2369,1460
2370,54
2371,1461
2372,797
2373,1462
2374,1463
2375,1463
2376,1464
2377,1465
2378,1465
2379,4
2380,4
2381,1466
2382,1467
2383,201
2384,1468
2385,1468
2386,964
2387,1469
2388,1470
2389,1333
2390,1333
2391,1471
2392,1471
2393,1472
2393,1473
2394,1474
2394,1475
2394,1476
2395,1477
2396,1478
2396,1479
2397,367
2398,1480
2399,1481
2400,1482
2401,1483
2402,1484
2403,1485
2404,1485
2405,1486
2406,1487
2407,1488
2408,774
2409,901
2410,1489
2411,572
2412,800
2413,77
2414,77
2415,1490
2416,1491
2417,1492
2418,1493
2419,1493
2420,1494
2421,1495
2422,458
2423,1496
2424,1497
2424,1498
2424,1499
2424,1500
2425,1145
2426,1145
2427,1145
2428,1145
2429,1501
2430,1502
2431,909
2432,909
2433,909
2434,1503
2435,1504
2436,1504
2437,1504
2438,1505
2439,1178
2439,1507
2440,1508
2441,1508
2442,1509
2443,1510
2444,1511
2445,642
2446,1512
2447,1197
2448,1513
2449,1514
2451,1515
2452,1516
2453,913
2454,507
2455,1517
2456,1518
2457,1519
2457,373
2457,191
2458,1522
2459,1523
2460,1523
2461,1523
2462,1524
2463,1524
2464,403
2465,403
2466,1525
2467,150
2468,1526
2469,1527
2470,1527
2471,1528
2472,1528
2473,1528
2474,1529
2475,1530
2476,1530
2477,1530
2478,1530
2479,1531
2480,727
2481,1532
2482,1533
2483,1533
2484,1533
2485,1534
2486,456
2487,1535
2488,1536
2489,1537
2490,1538
2491,1539
2492,401
2493,1540
2494,1541
2495,1542
2496,281
2497,1011
2498,1539
2498,1348
2499,1545
2500,1546
2501,1547
2502,786
2503,1549
2504,1550
2505,1550
2506,1551
2507,1551
2508,1552
2509,1552
2510,1552
2511,1553
2512,1554
2513,1555
2514,1556
2515,198
2516,198
2517,1557
2518,1558
2519,1457
2520,223
2521,1429
2522,1559
2523,1412
2524,409
2525,1560
2526,1561
2527,134
2528,1562
2529,1563
2529,1564
2530,435
2531,435
2532,435
2533,1185
2534,1513
2535,1565
2536,1566
2536,420
2537,1188
2538,1568
2539,1569
2540,1570
2541,1571
2542,1373
2543,1572
2544,1573
2544,1574
2545,1575
2546,1575
2547,827
2548,313
2549,1576
2550,174
2551,486
2552,85
2553,85
2554,223
2555,223
2556,1577
2557,1578
2558,1579
2559,1580
2560,1581
2560,1582
2561,1583
2562,1584
2563,1585
2564,1585
2565,1586
2566,1587
2567,1588
2567,485
2568,394
2569,394
2570,394
2571,394
2572,394
2573,1590
2574,330
2575,1008
2576,1591
2577,1592
2578,1593
2579,909
2580,1401
2581,1594
2581,1595
2582,1594
2582,1595
2583,1596
2584,1597
2585,1372
2586,1342
2587,1342
2588,44
2589,1598
2590,1598
2591,1598
2592,1599
2593,1600
2593,1601
2594,1602
2595,1603
2596,1604
2597,1605
2597,1606
2598,1607
2599,1607
2600,1608
2601,1609
2602,1610
2603,1611
2604,1612
2605,1613
2606,1613
2607,1614
2608,1615
2609,1616
2610,1403
2611,1617
2612,1617
2613,1618
2614,1618
2615,1618
2616,1619
2617,213
2618,1620
2619,1621
2619,458
2620,1623
2621,1624
2622,1625
2623,262
2624,1626
2625,1626
2626,1627
2627,1628
2628,1628
2629,1629
2630,415
2631,1631
2632,1036
2633,1632
2634,1633
2635,1634
2635,1635
2635,1636
2636,941
2637,941
2638,1637
2639,1626
2640,1638
2641,1639
2642,1640
2643,1641
2644,57
2645,1642
2647,1643
2648,1644
2649,1176
2650,477
2651,1645
2652,1646
2653,1647
2654,1648
2654,1649
2655,1650
2656,1651
2657,1652
2658,1442
2659,1455
2660,1653
2661,1654
2662,1654
2663,1654
2664,1655
2665,354
2666,1084
2667,1656
2668,262
2669,262
2670,1455
2671,1270
2672,1657
2673,1658
2673,1659
2674,1654
2675,1654
2676,1660
2677,1661
2678,1661
2679,1662
2680,1663
2681,1664
2682,1665
2683,1666
2684,1667
2684,1668
2685,1669
2686,271
2687,829
2688,829
2689,466
2690,1670
2691,1670
2692,1670
2694,1671
2695,354
2696,404
2696,1673
2697,1674
2698,1674
2699,458
2700,1675
2701,764
2702,764
2703,764
2704,1676
2705,1677
2706,1678
2706,1679
2707,1680
2708,1680
2709,1681
2710,1682
2711,1683
2712,144
2713,144
2714,144
2715,144
2716,1684
2717,949
2718,1685
2719,1569
2720,1569
2721,1374
2722,1686
2723,1687
2724,1688
2724,137
2725,146
2725,1193
2726,146
2726,1691
2727,146
2727,1193
2728,1692
2729,146
2729,1193
2730,146
2730,1193
2731,1693
2732,1694
2733,1695
2734,1696
2735,1697
2736,1697
2737,1697
2738,1442
2739,1698
2740,1699
2741,728
2741,729
2742,728
2742,729
2743,728
2743,729
2744,728
2744,729
2745,728
2745,729
2746,728
2746,729
2747,728
2747,729
2748,1700
2748,1701
2749,1702
2750,1540
2751,1703
2752,146
2752,1193
2753,1704
2754,1705
2755,1706
2756,1707
2757,1708
2758,1709
2759,1709
2760,1710
2761,1711
2762,1711
2763,1711
2764,1012
2765,1712
2766,1713
2767,1714
2768,1715
2769,1715
2770,1716
2771,1717
2772,1718
2773,1719
2774,1720
2775,1721
2776,1722
2777,51
2778,1723
2779,1317
2780,1724
2781,1725
2782,1412
2783,1726
2784,1482
2785,1482
2786,1148
2787,277
2787,278
2787,1729
2789,1692
2790,1692
2791,1730
2792,1731
2793,1732
2794,1733
2795,1733
2796,1734
2797,1735
2798,1736
2799,1737
2799,1738
2800,881
2801,1739
2802,1740
2803,1741
2804,1742
2805,1743
2806,1743
2807,1743
2808,1743
2810,1188
2811,1744
2812,1744
2813,1745
2814,141
2815,1747
2816,1748
2817,29
2818,1749
2818,1750
2819,1751
2819,1752
2820,1753
2821,1754
2822,1754
2823,1755
2823,1756
2824,1757
2825,1758
2825,1759
2825,1760
2826,785
2826,1762
2827,1763
2828,244
2829,1764
2830,1764
2831,1765
2832,1272
2833,179
2834,788
2835,1188
2836,1766
2837,1767
2838,1768
2838,1769
2839,1768
2839,1769
2840,1768
2840,1769
2841,1768
2841,1769
2842,1770
2843,796
2844,1771
2845,1771
2846,1772
2846,1773
2847,1774
2848,1775
2849,1775
2850,1776
2851,405
2852,405
2853,405
2854,405
2855,405
2856,405
2857,330
2858,1778
2861,253
2862,253
2863,253
2864,1779
2865,1780
2866,1781
2867,699
2869,1081
2869,1784
2869,532
2870,1786
2870,1787
2870,1788
2870,1789
2870,1790
2871,1791
2872,1792
2873,1793
2874,1793
2875,1794
2876,1795
2877,149
2878,1188
2879,1640
2880,1796
2881,672
2882,1429
2883,1797
2884,1629
2885,1188
2886,1798
2887,1334
2888,1799
2889,1173
2890,1173
2891,1188
2892,1800
2893,1801
2894,1802
2895,1803
2896,1804
2898,1805
2899,1806
2900,1807
2901,1808
2902,932
2903,1809
2904,1810
2904,1745
2905,1812
2906,1813
2907,1814
2908,1814
2909,1815
2910,1816
2911,1816
2912,1817
2913,1818
2914,1100
2915,1819
2915,1820
2916,102
2917,1070
2918,1821
2919,1350
2920,1350
2921,1350
2922,1350
2923,1350
2924,1823
2925,1824
2925,1825
2926,1826
2927,33
2928,589
2928,590
2929,1827
2930,1828
2930,1829
2931,1830
2932,1831
2933,1832
2934,1833
2935,1834
2936,1835
2937,1835
2938,1794
2939,1836
2940,1314
2941,1838
2941,1839
2941,1840
2941,119
2941,1842
2941,1843
2941,409
2941,1845
2941,1846
2941,1847
2941,307
2942,1849
2943,633
2944,1850
2945,1851
2946,1625
2947,1852
2948,1853
2949,50
2950,1569
2951,700
2952,1855
2953,1856
2954,957
2955,277
2955,278
2956,1857
2957,1826
2958,1858
2959,469
2960,1859
2961,1859
2962,1859
2963,1859
2964,1435
2965,1860
2966,1861
2967,1862
2968,1863
2969,1864
2970,546
2970,1866
2970,1277
2970,373
2970,1869
2971,1870
2971,1871
2971,1872
2972,1873
2973,1874
2974,350
2974,353
2975,1875
2976,1876
2977,1877
2978,1877
2979,1877
2980,1878
2981,1879
2982,1880
2982,1881
2983,1882
2985,1249
2986,1883
2987,1884
2990,350
2990,353
2990,1887
2990,1679
2991,350
2991,353
2991,1887
2991,1679
2992,1889
2993,430
2993,431
2994,1890
2995,1891
2996,1891
2997,118
2997,119
2998,1892
2999,884
3002,1893
3003,1893
3004,1894
3004,1895
3005,1495
3006,1896
3007,1897
3008,880
3009,310
3010,1898
3011,1899
3012,1900
3013,1901
3014,1902
3015,1903
3016,1612
3017,671
3018,671
3019,1904
3020,1905
3021,1012
3022,1906
3023,1907
3023,1908
3024,1909
3025,200
3025,1911
3025,1912
3026,763
3027,1913
3027,1914
3028,1892
3029,271
3030,1510
3031,390
3032,579
3033,1915
3034,1916
3035,1917
3036,823
3037,1918
3038,63
3039,1919
3040,1920
3041,1920
3042,1921
3043,1922
3043,1923
3044,859
3045,859
3046,859
3047,1925
3048,206
3049,1926
3050,1927
3051,1928
3052,1929
3053,1930
3054,1931
3055,510
3055,1933
3057,1934
3057,1935
3058,1934
3058,1935
3059,1934
3059,1935
3060,1286
3061,9
3062,1936
3063,1793
3064,1937
3065,1938
3066,549
3066,550
3066,551
3067,1939
3068,1557
3069,1940
3069,1941
3070,285
3071,929
3071,1943
3072,929
3072,1943
3073,1944
3074,1945
3075,1946
3076,1947
3077,1948
3077,1949
3078,1950
3079,1951
3080,1952
3081,1953
3082,1954
3083,526
3084,992
3085,1956
3086,1956
3087,1368
3088,1368
3089,1958
3090,1959
3091,1959
3092,862
3093,715
3094,1960
3095,1961
3096,1962
3097,1963
3098,871
3099,66
3100,1194
3104,1964
3105,1401
3106,158
3107,424
3108,1965
3108,1966
3108,1967
3109,1968
3110,1968
3111,1968
3112,1968
3113,1969
3114,239
3115,1970
3116,1971
3117,1249
3118,615
3119,1972
3120,1973
3121,1602
3122,1602
3123,1974
3124,1975
3125,1976
3126,1977
3127,1978
3130,1979
3131,1980
3132,1981
3133,1982
3134,1248
3137,1302
3138,1983
3139,1984
3140,1984
3141,1985
3142,1986
3143,1986
3144,1987
3145,510
3146,173
3147,403
3148,1989
3148,1990
3149,1991
3150,1992
3151,1993
3155,1994
3155,1995
3156,1996
3156,1997
3157,1998
3158,21
3159,1342
3160,290
3161,1999
3162,2000
3163,2001
3164,89
3165,2002
3165,2003
3166,2004
3166,2005
3167,262
3168,2006
3169,2007
3170,2008
3171,715
3172,2009
3173,1540
3174,2010
3175,2010
3176,2010
3177,2011
3178,2012
3179,2013
3179,2014
3180,2015
3181,2016
3182,2017
3183,2018
3184,2019
3185,2020
3186,2021
3190,2022
3191,155
3192,1495
3193,1495
3194,1495
3195,1495
3196,1495
3197,1495
3198,1971
3199,2023
3199,2024
3200,2025
3201,2026
3202,2027
3203,1513
3204,2028
3205,1295
3206,1295
3207,449
3208,2029
3209,2029
3210,11
3211,2030
3212,2031
3213,154
3214,2032
3215,2032
3216,1692
3217,2033
3218,2034
3219,2035
3220,2035
3221,2036
3222,2037
3223,2038
3224,2039
3225,18
3226,2040
3227,2041
3227,2042
3228,2043
3229,2044
3230,1579
3231,2045
3232,2046
3233,295
3234,2047
3235,2048
3235,2049
3236,2050
3237,2050
3238,2051
3239,2052
3240,2053
3241,2053
3242,2054
3243,2054
3244,2054
3245,2054
3246,2054
3247,2054
3248,2055
3249,2056
3250,2057
3251,2058
3251,2059
3252,2060
3253,2061
3254,2062
3255,2063
3256,2063
3257,1260
3258,1260
3259,2064
3260,2065
3261,2065
3262,2066
3263,869
3264,1673
3265,2068
3266,2069
3267,2070
3267,2071
3268,2072
3269,2073
3270,2073
3271,2074
3272,1416
3273,2076
3274,313
3275,2077
3275,1678
3276,2077
3276,1678
3277,2079
3278,2079
3279,2080
3280,2081
3281,2082
3282,1565
3283,879
3284,2083
3285,2084
3287,2085
3288,2086
3289,2087
3290,2087
3291,2088
3295,2089
3296,2090
3297,2091
3298,2092
3299,381
3300,84
3301,84
3302,2093
3303,1221
3304,2094
3305,2095
3306,1104
3307,2096
3308,2096
3309,2097
3310,951
3311,2098
3312,2099
3313,449
3314,2100
3315,2101
3316,2102
3316,2103
3317,66
3318,1900
3319,2104
3320,2105
3321,2105
3322,2105
3323,512
3324,2106
3325,2107
3326,2107
3327,2108
3328,2109
3329,2110
3330,2111
3330,428
3331,1925
3332,331
3333,1734
3334,812
3335,2113
3336,2114
3337,2111
3337,428
3338,2115
3339,2116
3340,1433
3341,1433
3342,2117
3343,2118
3344,2118
3345,2119
3346,2120
3347,1306
3348,1267
3349,2121
3350,2122
3351,46
3352,2123
3353,2124
3354,82
3355,2125
3356,2126
3357,52
3358,2127
3359,2128
3360,1157
3361,2129
3362,2129
3363,1092
3364,2130
3365,2131
3366,1513
3367,401
3368,2132
3369,2133
3370,2134
3371,2135
3372,2136
3373,933
3374,2137
3375,2138
3376,421
3377,2139
3378,2021
3379,2140
3380,652
3381,1590
3382,2141
3383,2141
3384,2142
3384,2143
3385,2144
3386,2145
3387,2146
3388,2147
3389,1702
3390,2148
3391,2149
3392,2150
3392,2151
3393,1702
3394,2152
3395,2153
3396,2154
3397,1270
3398,1765
3399,1399
3400,85
3401,2155
3402,2156
3403,2156
3404,2156
3405,2156
3406,2156
3407,2156
3408,2157
3409,842
3410,2158
3411,73
3411,2160
3412,2161
3412,2162
3413,940
3414,2163
3415,952
3416,2164
3417,2164
3418,1320
3418,1321
3419,2165
3422,2166
3422,2167
3423,2168
3424,1558
3425,1558
3426,691
3427,1055
3428,2169
3429,2170
3430,2171
3431,2172
3432,2173
3433,2174
3434,2175
3435,2175
3436,927
3436,2177
3437,2178
3438,2179
3439,2180
3440,2181
3441,2182
3442,2183
3443,2184
3445,2185
3446,2186
3447,2186
3448,2187
3448,2188
3448,2189
3449,2190
3450,2191
3450,2192
3451,2193
3452,2193
3453,31
3454,2194
3454,2195
3455,2196
3456,2197
3457,2198
3458,2199
3459,459
3460,2200
3461,1903
3462,1
3462,2202
3463,1042
3464,2203
3465,2204
3466,2205
3467,2206
3468,2207
3469,2208
3470,398
3470,2210
3471,2211
3472,2212
3474,2129
3475,1140
3476,1140
3477,355
3478,2213
3479,2214
3480,2215
3481,2216
3482,2217
3483,2217
3484,2218
3485,2219
3486,2220
3487,2220
3488,2220
3489,1221
3490,1203
3491,2221
3492,2222
3493,2223
3494,2224
3495,2224
3496,2224
3497,2225
3498,2226
3499,2213
3500,2227
3500,2228
3501,2229
3502,2230
3503,890
3504,2231
3505,763
3506,763
3507,763
3508,2232
3509,2233
3510,2234
3511,1297
3512,2235
3513,2236
3514,1314
3515,2237
3516,2237
3517,1823
3518,1558
3519,2238
3520,2239
3521,2240
3522,1154
3523,2241
3524,2242
3525,2243
3526,2244
3527,2245
3528,2246
3529,2169
3530,2247
3530,2248
3531,2249
3532,2250
3533,2251
3534,762
3535,2252
3536,2253
3536,2254
3536,2255
3536,2256
3536,2257
3537,284
3538,2258
3539,2258
3540,2258
3541,2259
3542,2260
3543,2261
3544,2262
3545,2263
3546,2264
3547,2265
3548,2266
3549,2267
3550,1624
3551,2268
3552,2268
3553,2269
3554,2270
3555,1660
3556,442
3557,2271
3559,2272
3560,225
3561,2274
3562,2275
3562,2276
3563,2277
3564,2278
3565,2279
3566,2280
3567,920
3568,673
3569,673
3570,2048
3570,2049
3571,2281
3571,2282
3572,1288
3573,2283
3574,1806
3575,2284
3576,2284
3577,2285
3578,2286
3579,2287
3580,2288
3580,2289
3581,2147
3582,469
3583,243
3584,458
3585,1200
3586,115
3587,1100
3587,2291
3588,61
3589,61
3590,61
3591,61
3592,2292
3593,213
3594,1221
3595,26
3597,2293
3597,2294
3598,2295
3599,2296
3600,2297
3601,435
3602,435
3603,435
3604,435
3605,435
3606,2298
3607,2299
3608,2300
3608,2301
3609,206
3610,2302
3611,2302
3612,213
3613,594
3614,2303
3615,1653
3616,2076
3617,2076
3618,2076
3621,2304
3622,2305
3623,2305
3624,1977
3625,1977
3626,2306
3627,850
3628,850
3629,2307
3629,2308
3630,2309
3631,2310
3633,2311
3633,2312
3634,2313
3635,2313
3636,2313
3637,2313
3638,1312
3639,2314
3640,1084
3641,1084
3642,2315
3643,915
3644,915
3645,915
3646,1852
3647,2316
3648,2317
3649,2318
3650,2318
3651,629
3652,2319
3653,2320
3654,405
3655,1969
3656,2321
3657,18
3658,18
3659,830
3659,706
3660,2322
3660,2323
3661,2324
3661,2325
3661,2326
3662,2327
3663,2328
3664,2328
3665,1749
3666,216
3667,216
3668,216
3669,679
3670,2330
3671,2330
3672,2331
3673,2332
3674,2333
3675,2334
3676,2334
3677,2335
3678,2116
3679,915
3680,2336
3681,2337
3682,2338
3683,7
3684,2339
3685,2340
3686,2341
3687,1714
3688,2342
3688,2343
3688,2344
3689,2345
3690,2346
3691,2347
3692,2348
3693,2349
3694,707
3695,2350
3696,2351
3699,2352
3700,2353
3700,2354
3701,2355
3702,2356
3702,2357
3703,2358
3704,2359
3705,2360
3706,2361
3707,2362
3708,2363
3709,2364
3710,2364
3711,2364
3712,2364
3713,2364
3714,532
3717,1997
3717,2366
3718,1997
3718,2366
3719,166
3720,2367
3720,2368
3721,415
3722,2369
3723,2370
3724,2371
3725,1625
3726,262
3727,2372
3727,2373
3728,2374
3729,2375
3730,2375
3731,2375
3732,2375
3733,2376
3734,2377
3734,532
3735,2379
3736,2380
3737,2380
3738,2381
3739,2382
3740,2383
3741,1372
3742,63
3743,2384
3744,2385
3745,2386
3745,2387
3746,390
3747,390
3748,390
3749,2027
3750,2388
3751,2389
3752,417
3753,1042
3754,2390
3755,2390
3756,2391
3757,2392
3758,649
3759,649
3760,296
3761,2393
3761,2394
3762,1033
3764,2395
3764,2396
3765,2397
3766,901
3767,2398
3768,688
3769,2399
3770,788
3771,2400
3775,2401
3776,2402
3777,2403
3778,434
3779,434
3780,434
3781,434
3782,2321
3783,275
3784,275
3785,2404
3786,2405
3787,2406
3788,2407
3789,631
3789,2409
3790,873
3791,2410
3792,2411
3793,2412
3794,2413
3794,2414
3795,2415
3796,2416
3797,2417
3798,2417
3799,2417
3800,1321
3800,2419
3801,2420
3801,419
3801,2422
3802,2420
3802,419
3802,2422
3803,2423
3804,2424
3804,1277
3805,2426
3806,1
3807,679
3808,2427
3809,2428
3810,2429
3811,2430
3812,1378
3813,52
3814,2431
3815,2432
3816,2433
3817,2434
3818,2435
3819,45
3820,2436
3821,2436
3822,2437
3823,2438
3824,2439
3825,2440
3826,2441
3827,2442
3828,2443
3829,2444
3830,2445
3831,2446
3832,2447
3833,2448
3834,2449
3835,2450
3836,2451
3837,2452
3838,2453
3839,2454
3840,2089
3840,1207
3840,2457
3840,1792
3840,2459
3841,2460
3841,2461
3842,2460
3843,1270
3844,2463
3844,2464
3845,2465
3846,2466
3847,2467
3848,2468
3849,2469
3850,1644
3851,2470
3852,2471
3853,246
3853,247
3854,2472
3854,2473
3855,2474
3856,2475
3857,2476
3858,22
3859,2477
3860,2478
3860,2479
3861,2480
3862,486
3863,486
3864,486
3865,486
3866,2481
3867,2482
3868,2482
3869,2483
3870,2484
3871,397
3872,2485
3873,2486
3874,2486
3875,2487
3875,2488
3877,2489
3878,2490
3879,2362
3880,1504
3881,2066
3882,2491
3883,2492
3883,2493
3884,2494
3884,2495
3885,2494
3885,2495
3886,2496
3887,1770
3888,179
3889,179
3890,2497
3890,2498
3891,2499
3892,2500
3893,2501
3894,276
3895,2502
3896,2503
3896,2504
3897,707
3898,2505
3899,2506
3899,2507
3900,2508
3901,2509
3902,2510
3903,2511
3904,821
3905,2512
3906,2513
3907,2514
3908,2515
3909,2516
3910,2517
3911,2518
3912,396
3913,2519
3914,2520
3915,2521
3916,1526
3917,2522
3918,2523
3918,2524
3919,2525
3920,2526
3921,2527
3922,2528
3923,2529
3924,2080
3925,591
3926,2530
3927,2531
3928,2532
3929,2533
3930,2533
3931,2534
3933,2535
3933,2536
3934,1483
3935,2537
3936,2537
3937,2538
3938,897
3939,2540
3940,966
3941,2541
3942,2541
3943,2542
3944,2543
3946,2544
3947,2545
3948,732
3949,2546
3950,2547
3951,2548
3952,2549
3953,2550
3954,2319
3955,1539
3956,1513
3957,2551
3957,2552
3957,2553
3958,2554
3959,2555
3960,2556
3961,2557
3962,2558
3963,2559
3964,2560
3965,2560
3966,2561
3967,2562
3968,881
3969,529
3970,205
3970,233
3970,2565
3970,378
3970,606
3971,2568
3972,2569
3973,22
3974,1047
3975,1047
3976,2570
3977,2129
3978,2571
3978,2572
3979,2573
3980,2574
3981,2575
3982,2576
3982,2577
3982,2578
3983,2579
3984,2580
3985,2581
3986,2582
3987,2583
3988,2584
3988,2585
3988,2586
3988,2587
3988,2588
3988,2589
3988,2590
3989,2591
3989,2592
3990,2593
3991,2594
3992,2595
3993,2596
3994,2597
3995,2598
3996,2599
3997,2600
3998,2601
3999,2602
4000,2603
4001,2604
4002,2605
4002,2606
4002,2607
4003,2608
4004,1317
4005,2609
4006,2610
4007,482
4008,2339
4009,2611
4010,2612
4011,2613
4012,2614
4012,2615
4013,1388
4014,1388
4015,574
4016,2616
4018,2617
4019,2617
4020,2618
4021,2619
4022,2620
4023,2621
4024,2622
4025,842
4026,2623
4026,2624
4027,2625
4028,2626
4029,2627
4030,1487
4031,2628
4032,2629
4033,2630
4034,2631
4035,2632
4036,2633
4037,2436
4038,2436
4039,2634
4040,2635
4040,2636
4041,1270
4042,2637
4043,2638
4044,2639
4045,2640
4046,2641
4047,2642
4048,2643
4048,2644
4048,2645
4049,2646
4049,2647
4050,2648
4051,2649
4053,2650
4054,2651
4055,2652
4056,2653
4057,2654
4057,859
4058,2656
4059,2657
4059,2658
4060,2659
4061,2660
4062,2387
4064,2662
4065,2663
4066,2664
4067,2665
4068,2666
4069,2667
4070,2668
4071,2669
4072,2670
4073,2671
4074,2672
4075,2673
4076,2674
4077,1928
4078,148
4079,2675
4080,2675
4081,538
4083,2676
4084,2676
4085,2677
4085,2678
4086,680
4087,2679
4088,134
4089,2680
4090,1474
4091,2682
4092,2683
4093,2684
4094,2685
4095,2561
4096,2686
4097,2687
4098,2688
4099,2689
4100,1725
4101,117
4102,117
4103,1358
4104,2691
4105,2692
4106,2693
4106,2694
4107,1057
4108,2695
4108,2696
4108,2697
4109,117
4110,2698
4111,812
4112,2699
4113,2700
4114,2701
4115,1412
4116,2702
4117,2703
4118,2704
4119,2705
4120,2706
4121,2707
4122,1513
4123,2708
4124,2709
4125,2710
4126,2710
4127,2710
4128,2710
4129,2711
4130,2712
4131,2713
4132,2714
4133,2715
4134,2716
4135,2717
4136,2718
4137,2718
4138,2719
4139,2720
4140,2123
4141,2721
4142,2722
4143,2723
4144,1391
4145,2724
4146,679
4147,2725
4148,2726
4149,2726
4150,1412
4151,2727
4152,2728
4153,89
4154,2729
4155,123
4156,2730
4158,2731
4159,2732
4160,1344
4161,2733
4162,2734
4163,2735
4164,2736
4165,593
4166,593
4167,2737
4168,2737
4169,2738
4170,2739
4171,2740
4172,2741
4173,2742
4174,2743
4175,2392
4176,59
4176,60
4177,2744
4178,2745
4179,807
4180,988
4181,2746
4182,2747
4183,2748
4183,2749
4184,1483
4185,2750
4185,2751
4186,22
4187,2752
4187,2753
4188,2754
4189,2755
4190,1491
4191,2756
4192,2757
4193,2758
4194,2759
4196,1072
4197,1279
4198,2760
4199,2761
4200,2762
4201,2147
4202,2355
4203,2763
4203,2764
4204,2765
4205,2766
4206,2767
4207,2768
4208,2769
4209,1312
4210,1312
4211,1312
4212,2770
4213,2771
4214,2772
4215,1812
4216,1812
4217,820
4218,820
4219,774
4220,2155
4221,1361
4222,2773
4223,489
4224,2774
4224,2775
4225,2776
4226,2777
4227,2778
4228,2778
4229,2779
4230,2779
4231,2779
4232,192
4232,2781
4233,2782
4234,2783
4235,2784
4236,2785
4237,2786
4238,2787
4239,2788
4240,2789
4241,1412
4242,2790
4243,2791
4244,2792
4245,2674
4246,2793
4247,2794
4248,2794
4249,84
4250,2795
4251,2051
4252,2796
4253,2797
4254,2798
4255,915
4256,2370
4257,2765
4258,2799
4258,2800
4258,707
4259,2802
4260,2803
4260,1487
4261,2805
4262,2806
4263,2807
4264,2808
4265,2809
4265,2810
4266,2811
4267,2812
4268,2813
4269,2814
4272,2815
4273,2816
4274,2816
4275,2817
4276,2818
4276,2819
4277,2820
4278,2821
4279,684
4280,684
4281,2822
4282,2823
4283,2824
4284,2825
4285,2826
4286,2348
4287,2827
4288,2828
4289,342
4290,2829
4291,2830
4292,1767
4293,2831
4294,2832
4295,2833
4296,2834
4297,2835
4298,2835
4299,2836
4300,2837
4301,2838
4302,2839
4303,2840
4304,2841
4305,2842
4305,2843
4306,2844
4307,2845
4308,2846
4309,2847
4310,2848
4310,2849
4311,2850
4312,2851
4313,2852
4313,2853
4314,2854
4315,2855
4316,2856
4318,2857
4319,2858
4320,2859
4320,2858
4320,2861
4321,2862
4322,2863
4323,2864
4324,2865
4325,953
4326,953
4327,2866
4328,2562
4329,2867
4330,2868
4331,2868
4332,2869
4333,2870
4334,2871
4335,2872
4336,2873
4337,2874
4338,644
4339,2191
4339,2192
4340,2875
4341,2876
4342,2487
4342,2488
4343,2877
4344,2878
4345,2879
4346,2879
4347,1594
4348,2881
4349,2882
4350,2883
4350,2884
4350,2885
4351,2886
4352,2887
4353,2888
4354,2889
4355,2890
4356,2891
4357,2892
4358,2893
4359,2894
4360,634
4361,2895
4362,2896
4363,2897
4364,2898
4365,2899
4366,2900
4367,2901
4368,733
4369,2902
4370,2903
4370,2904
4371,2905
4372,589
4372,590
4373,2906
4374,2907
4375,2908
4376,1469
4377,2909
4378,2910
4378,2911
4379,2912
4380,2913
4381,2914
4382,2335
4383,2915
4384,2916
4385,2917
4386,2918
4387,2919
4388,2917
4389,2920
4390,2921
4391,2922
4396,2923
4397,2924
4398,2924
4399,2925
4399,2926
4400,2927
4401,2928
4402,2928
4403,2929
4405,2930
4406,2931
4407,1972
4408,1312
4409,2932
4410,2933
4411,2934
4412,2935
4413,2936
4414,2937
4415,2938
4416,262
4417,262
4418,262
4419,262
4420,1861
4421,1861
4422,751
4423,207
4424,2939
4425,2940
4426,2940
4427,2941
4427,2942
4428,2943
4429,2944
4430,2945
4431,2946
4432,164
4433,2947
4434,537
4434,2949
4435,2950
4436,69
4437,69
4438,69
4439,2951
4439,2952
4440,1625
4441,2953
4442,2954
4442,2955
4443,2956
4444,1378
4445,1625
4446,2957
4447,2958
4448,2844
4449,2959
4450,2960
4451,2961
4452,2962
4453,2963
4454,2964
4455,2830
4456,2830
4457,2965
4458,2966
4459,2803
4460,2968
4461,2969
4461,2970
4462,1922
4462,1923
4462,2973
4463,2974
4464,1396
4465,2975
4466,2976
4467,2977
4468,2977
4469,911
4470,2978
4470,2979
4471,2980
4472,2980
4475,2092
4476,2981
4477,2532
4478,1791
4479,2982
4480,2532
4482,2983
4483,2984
4484,618
4485,2668
4486,2908
4487,2985
4488,2986
4489,2987
4490,1389
4490,2989
4491,2990
4492,390
4493,2991
4494,1241
4494,2993
4495,2994
4496,2995
4497,1070
4498,2996
4499,2997
4500,2998
4501,2999
4502,3000
4503,3001
4504,1834
4505,3002
4505,3003
4506,3004
4507,2497
4508,3006
4509,2872
4509,2912
4510,3009
4512,3010
4513,3011
4514,3012
4515,3013
4516,3014
4517,3015
4518,3016
4519,3017
4520,3018
4521,3019
4522,3020
4522,3021
4523,1828
4524,1828
4525,3023
4526,3024
4527,936
4528,3025
4529,2939
4530,2939
4531,3026
4532,3027
4533,3028
4534,3029
4535,3029
4536,3030
4537,3031
4538,192
4539,918
4540,3032
4541,2300
4541,2301
4542,633
4543,3033
4544,3034
4545,3035
4546,3036
4547,1412
4548,1412
4549,3037
4550,3038
4551,3039
4552,2767
4553,3040
4554,3041
4555,3042
4556,1085
4557,3043
4559,1388
4560,1388
4561,1388
4562,1287
4563,3044
4564,3045
4565,3046
4566,46
4567,3047
4567,3048
4567,3049
4568,3050
4571,995
4572,3051
4573,294
4574,3052
4575,3053
4576,2657
4576,3055
4577,1017
4577,1018
4578,3056
4579,3057
4580,3058
4581,3059
4582,2925
4582,3061
4583,3062
4584,3063
4585,139
4586,3064
4587,3065
4588,1363
4589,3066
4590,3067
4591,1694
4592,141
4593,2980
4594,3068
4594,3069
4594,3070
4595,3071
4596,56
4597,56
4598,3072
4599,3073
4600,3074
4600,3075
4601,3076
4602,3077
4603,3078
4604,3041
4605,3079
4606,1294
4607,1294
4608,3068
4608,3069
4608,3070
4609,3081
4610,3081
4611,1571
4612,3082
4613,1388
4614,3083
4615,1065
4615,3085
4616,3086
4617,3087
4618,1637
4619,2703
4621,3088
4622,3089
4623,3090
4624,986
4625,3091
4626,3092
4627,3093
4628,3093
4629,3094
4630,3095
4631,3095
4632,3095
4633,3096
4634,3097
4634,3098
4634,3099
4635,3100
4636,3100
4637,3100
4638,3101
4639,3102
4642,3103
4643,2549
4644,3104
4645,3105
4646,3106
4647,3107
4648,3108
4649,974
4650,435
4651,3110
4652,3111
4653,759
4654,2630
4655,3112
4656,3112
4657,3113
4658,3114
4659,2660
4660,1016
4661,982
4662,3115
4663,3116
4664,3117
4665,3118
4666,3119
4667,3120
4668,3121
4669,3122
4670,3123
4671,3124
4671,3125
4673,3126
4674,3127
4675,3128
4675,707
4675,3130
4676,3131
4677,3132
4678,1238
4679,212
4680,3133
4681,3134
4682,306
4683,3136
4684,3137
4685,3138
4686,3139
4686,3140
4687,3141
4688,3142
4689,3143
4690,3144
4691,3145
4692,1631
4693,3146
4694,3147
4695,2832
4696,1770
4697,3148
4698,3149
4699,3150
4700,3151
4701,1443
4702,3152
4703,3153
4704,3154
4705,3155
4706,3156
4707,3157
4707,3158
4708,63
4709,3159
4710,3160
4711,129
4711,130
4712,3161
4713,3162
4714,3163
4715,3163
4716,1474
4716,3165
4717,1378
4718,3166
4719,3167
4720,3168
4721,3169
4722,3170
4723,3171
4724,3172
4725,3173
4726,3174
4727,3175
4728,3176
4729,2292
4730,3177
4731,2040
4732,3176
4733,2832
4734,3178
4735,3179
4736,39
4737,39
4738,3180
4739,3181
4739,3182
4740,3183
4741,579
4742,1378
4743,3184
4744,3185
4745,3186
4746,3187
4746,3188
4747,3189
4748,3190
4749,22
4750,3191
4750,3192
4751,3193
4752,50
4753,3194
4754,2759
4755,3195
4756,3196
4757,790
4758,399
4758,400
4759,399
4759,400
4760,1442
4761,3197
4762,3198
4763,285
4764,285
4765,285
4766,1743
4767,2643
4768,271
4769,271
4770,1797
4771,3200
4772,3201
4773,3202
4774,2684
4775,3203
4776,1513
4777,3204
4779,2116
4780,3205
4781,3206
4782,3207
4783,3207
4784,3208
4785,3208
4786,3209
4787,2107
4788,3210
4789,3211
4790,3212
4791,3213
4792,3214
4794,3215
4795,3216
4796,56
4797,2895
4799,3217
4801,3218
4802,3218
4803,3218
4804,3218
4805,3219
4806,3220
4807,3221
4808,2116
4809,1887
4809,1679
4810,2895
4811,3224
4812,3225
4813,2007
4814,3226
4815,3227
4816,1221
4817,3228
4818,3229
4819,3230
4819,3231
4820,1853
4821,685
4822,3232
4823,3232
4824,3233
4825,2499
4826,2499
4827,3234
4828,3235
4829,2562
4830,3236
4831,3237
4832,3238
4834,1166
4835,875
4836,875
4837,875
4838,3126
4839,3239
4840,3240
4841,3241
4841,2447
4842,3243
4843,1755
4844,988
4845,1286
4846,2871
4847,2871
4848,477
4849,3245
4850,2497
4851,1176
4852,2818
4853,3247
4854,3248
4855,3249
4856,3250
4857,3250
4858,3250
4859,3251
4861,3252
4862,3253
4863,3254
4864,707
4865,3255
4866,3256
4867,3256
4868,885
4869,2550
4870,3257
4870,3258
4871,3259
4872,3259
4873,3260
4874,3260
4875,3261
4876,3261
4877,3262
4877,3263
4878,3264
4878,3265
4878,3266
4879,1244
4879,1245
4880,1327
4881,3267
4882,3268
4882,3269
4883,3112
4884,3112
4885,3112
4886,3270
4887,23
4887,3272
4887,3273
4888,3274
4888,3275
4888,3276
4889,3277
4890,3278
4891,3279
4892,3280
4893,3281
4894,3282
4895,1334
4896,3283
4897,633
4898,633
4899,434
4900,3284
4901,3285
4902,1092
4903,1382
4904,1382
4905,432
4905,433
4906,3286
4907,3286
4908,3287
4909,3288
4910,2130
4911,2213
4912,3289
4913,2620
4914,3290
4915,1546
4915,3292
4916,3293
4917,3293
4918,3293
4919,3294
4920,3295
4921,3296
4922,2895
4923,1513
4924,3297
4925,3298
4926,3299
4927,3300
4927,3301
4928,2444
4929,2799
4930,1513
4931,3303
4932,3304
4933,1081
4934,3305
4935,3306
4936,3307
4937,3308
4938,3309
4939,3310
4940,3311
4941,3312
4942,3313
4943,3314
4944,3315
4945,3316
4945,3317
4945,3318
4945,3319
4946,3320
4947,440
4948,3321
4948,3322
4949,2484
4949,3324
4950,2642
4951,3325
4952,3326
4952,3327
4953,3326
4953,3327
4954,889
4955,884
4956,3328
4957,3328
4958,3328
4959,3329
4960,3330
4961,3331
4962,3332
4963,3333
4964,3334
4965,1016
4966,3335
4967,674
4968,674
4969,1827
4970,3336
4971,14
4972,5
4973,3337
4974,3337
4975,3337
4976,3338
4977,3339
4978,3340
4979,3341
4980,3342
4981,3343
4981,3344
4982,3345
4983,3346
4984,2704
4985,3347
4986,3348
4987,3349
4988,3349
4989,988
4990,3350
4990,3351
4992,67
4993,988
4994,3352
4995,3353
4995,3354
4997,3355
4998,52
4999,3356
5000,1864
5001,3357
5002,3357
5003,936
5003,532
5004,3360
5005,3361
5006,3361
5007,3362
5008,2007
5009,3363
5010,22
5011,3364
5012,533
5013,3366
5014,3367
5015,3368
5016,3369
5017,1898
5018,3370
5018,3371
5018,3372
5019,3373
5019,2767
5020,3373
5020,2767
5021,3375
5022,3376
5024,3377
5025,3378
5026,3379
5027,3380
5028,3380
5029,3381
5030,3382
5031,3383
5032,3384
5033,1774
5033,3386
5034,1774
5034,3388
5035,3389
5036,1286
5037,39
5038,39
5039,3083
5040,1003
5040,1004
5041,3390
5042,2129
5043,1693
5044,1693
5045,3391
5046,3083
5047,1648
5047,1649
5048,3392
5049,3393
5050,3394
5050,3395
5051,3396
5052,3397
5053,750
5054,3024
5056,3399
5057,3400
5058,3401
5059,3402
5060,3315
5061,547
5062,3403
5063,3404
5064,3405
5065,3406
5066,106
5067,3407
5067,3408
5068,3409
5069,3410
5070,3410
5071,2651
5072,3411
5073,3411
5074,3411
5075,3412
5076,3413
5077,3414
5078,2706
5079,3415
5081,3416
5082,1262
5083,3315
5084,750
5085,3417
5086,3418
5087,3419
5088,1036
5089,3420
5090,3421
5091,2962
5092,3422
5092,3423
5093,3422
5093,3423
5094,775
5095,1119
5096,2511
5097,928
5098,3424
5099,785
5099,3426
5100,785
5100,3426
5101,785
5101,3426
5102,3427
5103,3428
5104,452
5105,745
5106,1857
5107,1857
5108,3429
5109,3429
5110,3430
5111,3430
5112,3431
5114,3431
5115,3432
5116,3433
5117,3434
5117,3435
5118,3436
5119,3437
5120,193
5121,3438
5122,2184
5123,388
5124,1693
5125,3439
5126,306
5127,2300
5127,2301
5128,3440
5129,3441
5129,1704
5130,3443
5131,3443
5132,3444
5133,3444
5134,3445
5135,3446
5135,3447
5136,2170
5137,3448
5138,3449
5139,2497
5140,3450
5141,3451
5142,3452
5143,357
5144,613
5145,613
5146,1568
5147,1568
5148,3453
5148,3454
5149,969
5150,1625
5151,1013
5152,3455
5153,3456
5154,3457
5155,3458
5156,994
5157,3459
5157,994
5158,994
5159,994
5160,3461
5161,3462
5162,3086
5163,3463
5164,3464
5165,918
5166,3465
5167,3466
5168,1513
5169,2648
5170,3467
5171,3468
5172,3469
5173,3470
5174,3471
5175,3472
5175,586
5176,1570
5177,889
5178,3474
5179,3475
5180,3476
5180,2928
5181,2532
5182,3478
5183,3479
5184,3480
5185,3480
5186,3481
5187,3482
5188,3483
5189,3484
5190,3485
5191,3486
5192,3487
5193,3487
5194,3487
5195,3488
5196,2388
5196,3490
5197,3491
5198,3492
5199,3493
5200,3494
5201,3495
5202,760
5203,3496
5204,565
5205,3498
5206,456
5207,3499
5208,3500
5209,3501
5212,3502
5213,3503
5214,2026
5215,2026
5216,3504
5216,2767
5217,3506
5218,3507
5219,3508
5220,1658
5220,1659
5221,3509
5222,3509
5223,1792
5224,3510
5225,3511
5226,165
5227,3512
5227,138
5228,3514
5229,1099
5230,3515
5231,3516
5232,171
5233,3517
5234,1774
5235,3518
5236,3519
5237,549
5238,3521
5239,3522
5240,3523
5241,3524
5242,3524
5243,3525
5244,3526
5244,3527
5245,3528
5246,3529
5247,3530
5248,3531
5249,3532
5249,3533
5250,549
5251,1648
5252,3535
5252,3536
5253,3537
5254,3538
5255,3539
5256,2155
5257,2768
5258,1444
5259,1491
5260,2031
5261,3540
5262,3541
5263,3163
5264,3542
5265,3543
5265,3544
5266,2053
5267,3545
5268,3546
5268,3547
5269,2027
5270,3548
5271,1402
5272,3549
5273,1361
5274,3550
5275,3551
5276,440
5277,1382
5278,1382
5279,3552
5280,3552
5281,3553
5282,3554
5283,3555
5284,3555
5285,3556
5285,3557
5286,3558
5287,3559
5288,3560
5288,3561
5289,3562
5290,3563
5291,3564
5291,3565
5292,3566
5293,3567
5294,3024
5295,3568
5296,3569
5297,3570
5298,541
5299,2719
5300,3571
5300,3572
5301,3573
5302,3574
5303,3574
5304,3530
5305,3575
5306,3315
5307,3315
5308,3315
5309,3576
5310,3248
5311,3248
5312,3577
5313,881
5314,3578
5315,2686
5316,3579
5317,887
5318,3580
5319,3581
5319,3582
5320,1771
5321,1771
5322,2129
5323,2129
5324,2129
5325,3583
5326,547
5327,3584
5328,3585
5329,2796
5330,3586
5331,3587
5332,3588
5333,3589
5334,3590
5335,3591
5336,3592
5337,3593
5338,3594
5339,314
5340,3595
5341,3083
5343,3596
5344,3597
5345,3598
5345,3241
5346,3600
5347,3601
5348,3602
5349,2377
5350,3604
5351,3605
5352,907
5353,3606
5354,3606
5355,3607
5356,3608
5357,3608
5358,3609
5359,3610
5360,3611
5361,3612
5361,3613
5362,3614
5363,3615
5363,155
5364,3617
5365,3618
5366,3619
5367,3620
5368,3621
5369,3621
5370,167
5371,3622
5372,1355
5373,3623
5374,3624
5375,3625
5376,3626
5377,3627
5378,3628
5379,3629
5380,3630
5381,3630
5382,3630
5383,2226
5384,3631
5384,3632
5385,3633
5386,2050
5387,3634
5387,3635
5388,3636
5389,3637
5390,2520
5391,2170
5392,3116
5393,1148
5394,3638
5395,2346
5396,2346
5397,3639
5397,148
5397,2318
5397,449
5398,3639
5399,3644
5400,2089
5401,3645
5402,3646
5403,3646
5404,3647
5405,3648
5407,3649
5408,3649
5409,3650
5410,3651
5411,3652
5411,3653
5412,3654
5413,2095
5414,3655
5415,1403
5416,3656
5417,3657
5418,3658
5419,1662
5420,3659
5421,3659
5422,3660
5423,1391
5424,1969
5425,1969
5426,1666
5427,3661
5428,1073
5428,3663
5429,3664
5430,3664
5431,2702
5432,3665
5433,718
5434,2116
5435,3666
5436,3252
5437,3667
5438,3668
5439,940
5440,3669
5441,3670
5442,968
5443,3671
5443,3672
5444,3673
5445,3622
5446,3674
5448,3675
5449,3676
5449,3677
5450,3678
5451,3678
5452,1299
5453,816
5454,3680
5455,3681
5456,3682
5457,3682
5458,1141
5459,3684
5460,3685
5461,3686
5462,2960
5463,109
5464,109
5465,3687
5466,3688
5467,3689
5468,3690
5469,3691
5470,3692
5471,3693
5472,654
5473,654
5474,3694
5476,3695
5478,3696
5479,3697
5480,3698
5482,1731
5484,3699
5485,3700
5485,3701
5486,3702
5487,3703
5488,3704
5489,3705
5490,3706
5491,3707
5492,3708
5493,3709
5493,3710
5494,626
5494,625
5495,3711
5496,3712
5497,3713
5498,3714
5499,382
5500,3715
5501,3716
5502,3717
5502,3718
5503,3719
5503,3720
5503,3721
5504,3722
5505,3723
5506,2652
5507,3724
5508,1570
5509,3725
5510,3726
5511,3727
5512,3728
5513,3729
5513,3730
5514,3729
5514,3730
5515,3731
5516,3732
5517,3733
5518,3734
5519,3735
5520,3736
5520,3737
5521,3738
5522,3739
5522,3740
5524,3526
5525,3742
5526,3743
5527,3744
5528,3744
5530,579
5531,3745
5532,3745
5534,3746
5535,574
5536,3747
5537,3748
5538,2419
5538,1321
5539,3751
5540,3120
5541,3752
5542,3753
5542,3754
5542,3755
5543,3756
5544,2170
5545,3757
5546,3758
5546,3759
5547,3758
5547,3759
5548,3758
5548,3759
5549,3760
5550,2607
5551,3762
5551,3762
5552,3764
5553,2447
5554,1551
5555,3765
5556,3766
5557,3767
5558,3767
5559,3768
5560,3769
5561,1917
5562,3770
5563,3771
5564,166
5565,560
5566,500
5567,3772
5567,3773
5567,3774
5568,3775
5569,3776
5570,2173
5571,3777
5572,548
5574,3778
5575,3778
5576,3779
5577,3778
5578,3780
5579,3779
5580,3779
5581,3779
5582,3778
5583,3781
5584,3782
5585,988
5586,2872
5587,1277
5588,3783
5589,3784
5590,3785
5591,3786
5592,3787
5593,3788
5594,1539
5595,246
5596,3790
5597,3228
5598,2642
5599,3791
5600,3792
5601,3793
5602,3794
5602,938
5603,3340
5604,3340
5604,1626
5605,3340
5606,3798
5607,3799
5608,3799
5609,3800
5610,146
5610,3802
5610,155
5611,1657
5613,3804
5614,2222
5615,3805
5616,3806
5617,3807
5618,3808
5619,3809
5620,788
5621,3810
5622,3811
5622,3812
5623,3813
5624,774
5625,3814
5626,575
5627,575
5628,1625
5629,3815
5630,1390
5631,2006
5632,3816
5633,3817
5634,2264
5635,2264
5636,188
5637,188
5638,3818
5640,3819
5641,348
5642,3820
5643,3631
5644,3822
5645,3823
5646,3824
5646,3825
5647,3826
5648,3827
5649,2511
5650,3828
5651,3828
5652,3829
5653,3830
5654,1272
5655,3831
5655,3832
5656,3833
5656,3834
5657,3835
5658,2482
5659,3836
5660,788
5661,3837
5662,3838
5663,788
5664,3839
5665,2126
5666,3840
5667,3841
5668,1277
5669,3842
5670,3843
5671,2818
5672,3844
5673,3845
5674,3846
5675,3847
5675,3848
5676,3849
5677,3849
5678,3850
5679,2715
5680,3851
5681,2674
5682,3852
5683,215
5684,3853
5685,3854
5686,1992
5687,3855
5688,3856
5689,3857
5690,3858
5691,3859
5691,3860
5691,3861
5692,3862
5693,3863
5694,3864
5696,3865
5696,3866
5697,3867
5698,3868
5698,3869
5699,2362
5700,2362
5701,821
5702,3078
5703,3870
5703,3871
5704,3872
5704,3873
5705,3874
5706,3875
5706,3876
5707,3877
5708,310
5709,3285
5710,3878
5711,266
5712,3879
5713,1926
5714,3880
5715,266
5716,2129
5717,3881
5718,3882
5718,3883
5719,3884
5720,3885
5721,3886
5722,3887
5724,3888
5725,3889
5726,649
5727,3890
5728,2703
5729,397
5730,3891
5731,3892
5731,3893
5732,3838
5733,3894
5734,3894
5735,3009
5736,3895
5737,3016
5738,3896
5739,3897
5740,3898
5741,3899
5742,3083
5743,2872
5744,3083
5745,3900
5746,3901
5746,3838
5747,3901
5747,3838
5748,3903
5749,2562
5750,3904
5750,3905
5751,3809
5752,1539
5753,3906
5753,3907
5754,2158
5755,3837
5756,1221
5757,3908
5758,3726
5759,3726
5760,2939
5761,3909
5762,3910
5763,195
5764,3911
5765,3912
5766,805
5767,3913
5768,3598
5768,3241
5769,3914
5769,3915
5770,3916
5771,3917
5772,3918
5773,3919
5774,3920
5775,3921
5776,3922
5777,3923
5778,3924
5779,2844
5780,3925
5781,3926
5781,3927
5781,3928
5782,3136
5784,2759
5785,908
5786,3929
5786,3930
5786,3931
5787,3622
5788,3622
5789,3932
5789,3933
5790,3409
5791,3934
5792,3935
5793,3394
5793,3395
5794,3936
5795,3937
5796,3617
5797,3938
5798,2146
5799,3939
5800,3409
5800,3941
5801,3934
5801,3941
5802,3934
5803,3878
5804,351
5805,274
5806,171
5807,3945
5808,2711
5808,22
5809,2711
5809,22
5810,2818
5811,2818
5812,850
5814,3948
5815,3949
5817,3950
5818,3950
5819,3951
5820,3952
5821,2175
5822,3953
5823,3954
5824,2512
5825,3955
5826,1176
5827,3956
5828,3957
5829,1057
5830,3958
5831,3959
5832,3959
5833,68
5834,3960
5835,3961
5836,753
5836,754
5837,3962
5838,3930
5839,3964
5840,3965
5841,3966
5842,3966
5843,3967
5843,3968
5844,1664
5845,3969
5846,3970
5847,3971
5848,3972
5849,3972
5850,3973
5851,3974
5852,3975
5853,940
5854,940
5855,1388
5855,3977
5856,3978
5857,3979
5858,3980
5859,3981
5860,3982
5861,3983
5862,3984
5863,3985
5864,3986
5865,1611
5866,3987
5867,3988
5868,3989
5869,3990
5870,3991
5871,241
5872,3992
5873,3993
5874,2203
5875,1581
5876,1590
5877,3995
5878,3996
5879,2851
5880,3997
5881,3998
5882,3999
5883,4000
5884,4001
5885,4002
5885,4003
5886,4004
5887,2818
5888,4005
5889,4006
5890,167
5891,4007
5892,4008
5893,4009
5894,4009
5895,4010
5896,4011
5897,2640
5898,4012
5899,2080
5900,4013
5901,4014
5902,4015
5903,4016
5904,4017
5905,4018
5906,4019
5907,4020
5908,4021
5909,4022
5910,4023
5911,2550
5912,4024
5913,4025
5914,4026
5914,4027
5915,4028
5916,4029
5917,4030
5918,4031
5919,2334
5920,2522
5921,4032
5922,243
5923,4033
5924,4034
5925,3465
5926,4035
5927,4036
5928,4037
5929,1150
5930,1692
5931,3083
5932,1276
5933,331
5934,4038
5935,4039
5936,4040
5937,4041
5938,4042
5939,4043
5940,4044
5941,4045
5942,4045
5943,4046
5944,4047
5945,4048
5946,4049
5947,4049
5948,659
5949,4050
5950,4051
5951,4052
5952,4053
5953,4054
5954,2306
5955,4055
5957,4056
5958,4056
5959,1267
5960,1267
5961,4057
5962,4058
5964,4059
5965,4059
5966,1545
5967,4060
5967,4061
5968,4062
5968,4063
5969,4064
5970,4065
5971,4066
5972,2719
5973,1625
5974,1625
5975,1625
5976,4067
5978,4068
5979,4069
5980,4070
5981,4071
5982,4072
5983,1276
5983,4074
5983,4075
5984,349
5985,221
5986,4076
5987,4077
5988,4078
5989,4079
5990,4080
5991,4081
5992,4082
5993,4083
5994,4084
5995,4085
5996,4086
5997,4087
5998,4088
5999,656
6000,4089
6000,4090
6001,1791
6002,1791
6003,4091
6004,4092
6005,4093
6006,4094
6007,2660
6008,2872
6009,2788
6010,1911
6011,4096
6011,2734
6012,3090
6013,4098
6014,4099
6015,3137
6016,4100
6017,4101
6018,3034
6018,3635
6019,3635
6020,759
6021,4105
6022,4106
6023,4107
6024,4108
6025,4109
6026,4110
6027,4111
6028,4112
6029,4113
6030,4114
6031,4115
6032,354
6033,4116
6034,4117
6035,2527
6036,2527
6037,4118
6038,4119
6039,1649
6040,4121
6041,4122
6042,3622
6043,4123
6044,4123
6045,3325
6046,4124
6047,4125
6047,592
6047,999
6048,2144
6049,3686
6050,1477
6051,2157
6052,4128
6053,331
6054,331
6055,171
6056,4129
6057,4130
6057,4131
6058,4132
6059,4133
6060,4134
6061,4135
6063,2129
6064,4136
6065,3078
6066,4137
6067,4137
6068,1780
6069,3733
6070,4138
6071,4139
6072,4140
6073,623
6074,413
6075,4142
6076,4143
6077,4144
6078,4145
6079,1853
6080,2844
6081,4146
6082,4146
6083,1625
6084,4147
6085,4148
6086,4149
6087,4150
6088,4151
6089,2080
6090,2080
6091,4152
6092,3193
6093,4153
6094,4154
6095,4155
6096,4156
6097,4157
6098,4158
6099,4159
6100,4159
6101,4159
6102,988
6103,4160
6104,4161
6105,3669
6106,4162
6107,4163
6108,4164
6108,4165
6109,3822
6110,4166
6111,4167
6111,4168
6112,2302
6113,1221
6114,1633
6115,4169
6115,4170
6116,4171
6117,1277
6118,2511
6119,3890
6120,4172
6121,4173
6122,3402
6123,4174
6123,4175
6123,4176
6124,4177
6125,2129
6126,4178
6126,4179
6127,4180
6128,155
6129,4155
6130,4181
6131,4182
6132,4183
6133,4184
6134,4185
6135,3352
6136,4186
6136,1073
6137,4188
6138,4189
6139,4190
6140,4191
6141,4192
6142,4193
6143,4194
6144,313
6145,2383
6146,4195
6147,4196
6148,1571
6149,4197
6150,4198
6151,4199
6152,4200
6153,4201
6154,4201
6155,4202
6156,4203
6157,4204
6158,4204
6159,4205
6159,4206
6160,2795
6161,4207
6162,4208
6163,4208
6164,4209
6165,4210
6166,4211
6167,4212
6168,4212
6169,4213
6170,4214
6171,1363
6172,4215
6173,3932
6173,3933
6174,4216
6175,4217
6176,4218
6177,4219
6178,4219
6180,4220
6181,4221
6182,1640
6183,4222
6184,4223
6185,4224
6186,940
6187,4225
6188,4226
6189,4227
6190,4228
6191,4228
6192,4228
6193,4228
6194,4229
6195,1930
6196,4230
6197,4231
6198,4231
6199,532
6200,2762
6201,4232
6202,4233
6203,4234
6204,4235
6205,4236
6206,4237
6207,4238
6208,48
6209,1818
6210,476
6211,4239
6212,4240
6213,4241
6213,4242
6213,4243
6214,852
6215,4244
6216,4245
6217,4246
6218,4247
6219,1073
6219,3663
6221,4248
6222,4249
6223,4250
6224,4251
6224,4252
6225,4253
6226,1010
6227,3904
6227,3905
6228,788
6228,4255
6229,4256
6230,4257
6231,4258
6232,4259
6233,4260
6234,795
6235,4261
6235,4262
6236,4263
6237,1515
6238,2052
6239,4264
6240,4265
6241,2917
6242,2129
6243,4266
6244,4267
6245,4268
6246,4269
6246,4270
6246,4271
6246,2194
6246,4273
6246,2195
6247,3201
6248,1179
6249,4275
6250,4276
6251,4277
6252,3334
6253,171
6254,3878
6255,4278
6256,4279
6257,4280
6258,1274
6259,4281
6260,671
6261,489
6262,4282
6263,1847
6264,906
6265,3878
6266,4284
6266,4285
6267,4286
6268,4287
6269,4288
6269,4289
6270,4290
6271,4231
6272,4231
6273,4291
6274,4292
6275,4293
6276,4294
6277,2608
6278,2608
6279,1433
6280,4295
6281,4296
6282,4297
6283,2352
6284,589
6284,590
6285,4298
6286,3209
6287,2945
6288,4299
6289,4299
6290,1512
6291,4300
6291,4301
6292,4300
6292,4301
6293,4302
6294,3606
6295,4303
6296,3041
6297,623
6298,3137
6299,4304
6300,4305
6301,4306
6302,4307
6303,4308
6303,422
6304,4310
6305,4311
6306,4312
6306,4313
6307,4314
6308,2734
6309,4315
6310,2129
6311,1465
6312,4316
6313,4317
6313,4318
6314,940
6315,4319
6316,4320
6317,4321
6318,4322
6318,1111
6319,4324
6320,4325
6321,4173
6322,2608
6323,4326
6324,2610
6325,4327
6326,4328
6327,4328
6328,4329
6328,4330
6329,4331
6330,1977
6331,2716
6332,2991
6333,478
6334,4332
6335,4333
6336,4334
6337,2991
6338,4335
6339,2489
6340,4336
6342,4337
6343,4338
6344,4339
6345,4340
6346,4341
6347,2723
6347,4343
6347,4344
6347,4345
6347,909
6347,2484
6347,3090
6347,4349
6347,4350
6347,4351
6347,4352
6348,4353
6349,3575
6350,2476
6351,2476
6352,2476
6353,1617
6354,4354
6355,4355
6356,4356
6356,4357
6357,4358
6358,4359
6359,3713
6361,1431
6363,4361
6364,4362
6365,4363
6366,4364
6366,4365
6367,4366
6368,2803
6369,4367
6370,4368
6371,2174
6372,4369
6373,1674
6374,3331
6375,4370
6375,4371
6376,4372
6377,4373
6378,4374
6379,4375
6380,3018
6381,4376
6382,532
6383,532
6383,4378
6384,3530
6385,4379
6386,4380
6387,710
6388,4381
6389,4382
6390,2377
6391,4383
6392,4384
6393,4385
6394,4386
6395,4387
6396,4388
6397,4389
6398,4390
6399,4391
6400,4392
6401,3962
6402,4393
6403,4394
6404,4395
6405,4396
6406,3100
6407,2104
6408,3974
6409,4397
6410,4398
6411,4399
6411,4400
6412,4401
6413,2008
6414,1008
6415,4402
6416,1261
6417,4403
6418,4404
6419,1179
6420,2098
6421,1590
6422,4405
6424,4406
6425,4407
6425,4408
6426,4409
6427,4410
6428,1221
6428,4412
6429,4413
6430,4414
6431,1823
6431,4416
6432,4417
6433,4418
6434,4419
6434,4420
6435,3894
6436,3340
6436,4422
6436,4215
6437,4424
6438,1813
6438,4426
6438,4427
6438,1433
6438,935
6438,4430
6438,4431
6438,836
6438,4433
6438,463
6438,4435
6438,1605
6439,4437
6440,4438
6441,1040
6442,4440
6443,4441
6444,2104
6445,4442
6445,4443
6446,4444
6447,4445
6448,4446
6449,4447
6450,4448
6451,4448
6452,4449
6453,4450
6454,154
6455,4451
6456,4452
6457,1831
6458,4453
6459,4454
6459,4455
6460,3726
6461,4456
6462,743
6463,213
6464,1221
6465,1221
6466,442
6467,442
6468,4457
6470,291
6471,4458
6472,4459
6473,4460
6474,4461
6475,1834
6476,4462
6477,4463
6478,52
6479,4464
6480,4465
6481,4466
6481,4467
6482,4468
6483,4469
6484,4469
6485,4470
6486,2130
6487,2130
6488,593
6489,4471
6489,4472
6489,4473
6489,4474
6489,4475
6489,4476
6489,4477
6489,4478
6490,4479
6492,1701
6493,1701
6494,4481
6495,4482
6496,4483
6497,3528
6498,574
6499,4484
6500,4485
6501,4486
6501,4487
6502,4488
6503,4489
6504,4490
6505,4491
6506,4492
6507,1143
6508,853
6508,854
6509,4493
6510,4494
6511,4495
6512,4496
6513,4497
6514,4498
6515,4499
6516,4266
6517,4500
6518,4501
6519,3809
6520,4502
6521,3607
6522,4503
6523,4504
6524,4505
6525,4506
6525,4507
6526,4508
6527,4412
6528,749
6529,4511
6530,4512
6531,4513
6532,4514
6532,4515
6533,4516
6534,4517
6535,2537
6536,4518
6537,4519
6538,4520
6539,4521
6540,4522
6541,4523
6542,168
6543,958
6544,4524
6545,4525
6546,4526
6547,4527
6548,4528
6549,4529
6550,2118
6551,4530
6552,771
6553,4531
6554,4532
6555,4533
6556,3647
6557,4534
6558,4535
6559,4536
6560,4537
6561,4538
6561,4539
6562,2711
6563,4540
6564,4541
6565,1466
6566,4542
6567,2129
6568,2785
6569,4543
6570,4544
6570,4545
6571,1261
6572,4546
6573,2737
6574,2531
6575,2531
6576,2129
6577,4547
6578,4548
6579,4396
6580,4549
6581,940
6582,150
6583,4550
6584,4551
6584,4552
6585,4551
6585,4552
6587,4553
6588,564
6589,4554
6590,2995
6591,4555
6592,4556
6593,4557
6594,4558
6595,4559
6596,4560
6597,4561
6598,469
6599,4562
6600,4563
6601,4564
6602,2611
6603,4565
6604,4566
6605,4567
6606,4568
6606,4569
6607,4570
6608,4571
6609,4572
6609,4573
6610,4574
6611,4575
6612,4576
6613,4577
6614,3600
6615,3600
6616,4578
6617,3016
6618,4579
6619,4123
6620,554
6621,3069
6622,489
6623,4581
6624,4582
6625,4583
6626,4584
6627,4585
6628,4586
6629,4587
6630,4588
6631,4589
6631,4590
6633,1560
6634,4591
6635,4592
6635,4593
6635,4594
6635,4595
6635,4596
6635,4597
6635,4598
6635,4599
6635,4600
6635,4601
6635,4602
6636,4603
6637,4604
6638,4605
6639,4606
6640,4607
6641,3904
6641,3905
6642,4608
6643,4609
6644,4610
6645,4611
6646,1342
6647,1342
6648,4612
6649,2676
6650,1976
6651,2906
6652,4613
6653,1678
6653,2529
6653,4616
6654,4617
6655,4618
6656,4383
6657,4619
6658,4620
6659,4621
6660,4622
6660,4623
6661,3482
6662,4624
6663,4625
6664,2985
6665,4626
6666,4627
6667,4628
6667,4629
6668,3904
6668,3905
6669,4630
6671,4631
6672,4632
6672,4633
6672,4020
6672,4635
6672,4636
6672,4637
6672,4638
6672,4639
6673,2152
6674,4640
6675,4641
6677,22
6678,908
6679,2711
6680,4642
6681,4643
6682,4644
6682,4645
6683,4646
6684,4647
6684,4648
6685,4649
6686,4650
6687,1540
6688,788
6689,4651
6690,623
6691,4652
6692,4653
6693,4654
6694,4655
6694,2578
6695,4657
6696,4658
6697,4659
6698,4385
6699,4660
6699,4661
6700,4662
6701,4663
6702,4664
6703,3978
6704,4665
6705,4666
6706,3439
6707,4667
6708,4668
6709,4669
6710,4670
6711,4671
6712,2118
6713,4672
6714,4662
6715,3937
6716,2858
6717,4673
6718,4674
6719,4675
6719,4676
6720,4669
6721,4677
6722,4678
6723,4679
6724,4680
6725,4681
6726,4682
6727,4683
6728,788
6729,4684
6730,4685
6731,3892
6732,4687
6733,68
6734,68
6735,4688
6736,4689
6737,1766
6738,3937
6739,4690
6740,2785
6741,4691
6742,2359
6743,4692
6744,4693
6745,4694
6746,4695
6747,4696
6747,4697
6748,4698
6749,4699
6750,4700
6751,3838
6752,4701
6753,4702
6754,4703
6754,4704
6755,1741
6756,4630
6757,4705
6758,4706
6759,2511
6760,4707
6761,4708
6762,435
6763,4709
6763,4710
6764,4711
6765,4440
6766,4712
6767,4713
6768,4714
6769,3936
6770,4715
6771,4716
6772,4717
6773,4718
6774,1319
6775,4719
6775,4720
6776,2711
6777,4721
6778,4722
6779,4723
6780,1794
6780,4725
6781,225
6782,1221
6783,4726
6784,4727
6785,4728
6786,3974
6787,285
6788,4729
6788,4730
6789,3168
6789,4732
6790,4733
6791,4734
6792,4735
6793,2279
6794,4736
6795,4737
6796,4738
6797,4738
6798,4739
6799,4740
6800,4741
6802,4742
6802,2744
6803,4744
6804,2251
6805,636
6806,4745
6807,4746
6808,4747
6809,1221
6810,4748
6811,2169
6812,2169
6813,2169
6814,4749
6814,625
6814,4751
6815,4752
6816,4753
6817,4754
6818,4755
6819,4756
6820,4757
6821,4758
6822,4759
6823,2832
6824,2838
6825,750
6825,4761
6826,4762
6827,2872
6828,4763
6829,4764
6830,4765
6831,4766
6832,4767
6833,4768
6834,4769
6835,4741
6836,4770
6837,2371
6838,4771
6839,4772
6840,4773
6840,4774
6841,4775
6842,4776
6842,4777
6842,1595
6842,4779
6843,4780
6844,3804
6845,4781
6846,4782
6847,3909
6848,603
6849,4783
6850,4784
6851,4785
6852,4786
6853,4787
6854,4788
6855,4789
6856,4790
6857,3728
6858,4791
6859,4792
6860,2034
6861,918
6862,4793
6863,4794
6864,3451
6865,4795
6866,4796
6867,2820
6868,4797
6869,4798
6870,4799
6871,394
6872,4800
6873,4801
6874,4802
6875,4803
6876,4804
6878,4045
6879,4805
6880,4806
6881,415
6881,4808
6882,4809
6883,4810
6884,1364
6885,3058
6886,4811
6887,4812
6887,4813
6888,3261
6889,4814
6890,647
6891,4815
6892,1992
6893,1992
6894,4816
6895,4817
6896,3644
6896,4819
6897,4820
6898,4821
6899,694
6900,4822
6901,4823
6903,4824
6903,432
6903,3233
6903,4827
6903,4828
6903,271
6903,4038
6903,4831
6903,433
6904,4833
6905,4834
6906,4835
6907,4836
6908,4837
6909,4838
6910,4839
6911,4839
6912,4840
6913,4841
6914,4842
6915,4843
6915,4844
6916,4845
6917,4846
6918,4847
6919,4848
6920,4849
6920,1291
6921,4851
6922,3809
6923,4852
6924,4853
6925,1319
6926,4854
6927,4855
6928,1042
6929,1001
6930,4856
6931,4857
6932,4858
6933,4859
6934,4792
6935,4860
6936,4860
6937,4861
6938,4862
6939,4863
6940,1350
6941,4864
6942,213
6943,4865
6944,4866
6945,4867
6946,4868
6947,2534
6948,4869
6949,4870
6949,4871
6950,4872
6951,1043
6952,1897
6953,4873
6954,4874
6955,3083
6956,2872
6957,4875
6958,4876
6959,4877
6960,4878
6961,988
6962,4215
6963,4879
6964,4880
6965,4742
6966,4882
6967,4883
6968,194
6969,4884
6969,4885
6970,4884
6970,4885
6971,4886
6972,4887
6973,4888
6974,1509
6975,4889
6976,4890
6977,4891
6977,4892
6978,4555
6979,4893
6980,4894
6981,44
6982,294
6983,4895
6984,4896
6985,4897
6986,4898
6987,4899
6988,1917
6989,4900
6990,4901
6991,4902
6992,4903
6993,4904
6993,4905
6994,4906
6995,1221
6996,4463
6997,4907
6998,4908
6999,4909
7000,1189
7001,1189
7002,2204
7003,4910
7004,4911
7005,4912
7006,4913
7007,4914
7008,4915
7009,4916
7010,4917
7011,4918
7012,4919
7013,2018
7014,4920
7015,4921
7016,4789
7017,3936
7018,4922
7018,4923
7019,4924
7020,4925
7021,4926
7024,4927
7025,4928
7026,4929
7027,4930
7028,1741
7029,3938
7030,3938
7031,4931
7032,4932
7033,4933
7034,4934
7035,4935
7035,4936
7035,4937
7036,4938
7037,4939
7038,4940
7039,4941
7040,1391
7040,3215
7041,4944
7042,3745
7043,4945
7044,2551
7044,195
7044,2553
7045,4949
7045,4950
7046,1669
7047,4951
7048,4952
7049,4953
7050,4954
7051,4955
7052,4956
7053,4957
7054,3078
7055,3078
7056,2383
7058,4958
7059,4959
7059,4960
7060,4961
7061,2048
7061,2049
7062,4962
7063,4963
7064,2815
7065,2815
7066,4964
7067,3420
7068,4965
7069,4966
7070,4966
7071,4967
7072,4968
7073,4969
7074,4970
7075,4971
7076,1946
7077,4972
7078,4973
7079,4974
7079,4975
7079,4976
7080,4977
7081,4978
7081,4979
7082,4598
7083,4981
7084,499
7085,4982
7086,4983
7087,4984
7088,4985
7089,246
7090,4986
7091,4987
7092,4988
7093,4540
7094,4989
7094,4990
7095,4991
7096,1378
7097,4992
7098,633
7099,4993
7100,4994
7101,4995
7102,2441
7103,3571
7103,3572
7104,677
7105,4996
7106,4997
7106,4998
7107,4999
7108,5000
7109,5001
7109,540
7110,1542
7111,5003
7112,3149
7113,4609
7114,5004
7115,5005
7116,5006
7116,5007
7117,3304
7118,5008
7119,5009
7120,5010
7121,5011
7122,5012
7123,5013
7124,5014
7125,2532
7126,2820
7127,5015
7128,2126
7129,715
7130,988
7130,5017
7131,5018
7132,5019
7133,5020
7134,1333
7135,5021
7137,5022
7138,5023
7139,5024
7140,3304
7141,3559
7142,5025
7143,5026
7144,5027
7145,4633
7145,4020
7145,4635
7145,4637
7145,5032
7145,4638
7145,2768
7145,4639
7145,1906
7145,5037
7146,5038
7147,5039
7148,5040
7149,5040
7150,1210
7151,5041
7152,1846
7153,299
7154,5043
7155,5044
7156,5045
7157,5046
7158,5047
7159,5048
7160,5049
7161,1008
7162,5050
7163,3694
7164,5051
7165,5052
7166,4967
7168,1828
7169,3904
7169,3905
7170,5053
7170,5054
7171,5055
7172,5056
7173,5057
7174,5058
7175,5059
7176,5060
7177,2805
7178,5061
7179,3978
7180,5062
7181,2711
7182,1512
7183,281
7184,5063
7185,5064
7186,1529
7187,1529
7188,166
7189,5065
7190,5065
7191,5066
7192,2259
7193,225
7194,988
7195,5067
7196,1373
7197,5068
7198,5069
7199,5070
7200,5071
7201,840
7202,5072
7203,5073
7204,5074
7205,5075
7205,5076
7206,5077
7207,5078
7208,5079
7209,5080
7210,5081
7211,1412
7212,5082
7213,5083
7214,5084
7215,5085
7216,5086
7217,2695
7217,2697
7218,5089
7219,5090
7220,5091
7221,5092
7222,5093
7223,5094
7224,5094
7225,5095
7226,113
7227,1388
7228,5096
7229,5097
7230,5098
7231,5099
7231,5100
7231,5101
7233,5102
7234,5103
7235,5104
7236,4748
7236,2001
7237,5107
7238,940
7239,5108
7240,5109
7241,5110
7242,5111
7243,5112
7244,5113
7245,2511
7246,1635
7246,2405
7247,3137
7248,5116
7249,737
7250,5117
7251,5118
7252,5119
7252,5120
7253,2723
7254,5121
7255,5122
7256,5123
7257,5124
7258,5125
7259,5126
7260,5127
7260,5128
7261,5129
7262,5130
7263,5131
7263,5132
7264,5133
7265,5134
7266,5135
7267,5136
7268,5137
7269,5138
7270,5139
7271,4784
7272,5140
7273,4244
7274,2668
7275,3592
7276,5141
7277,3682
7278,3727
7279,5142
7280,5143
7281,37
7282,3745
7283,5144
7284,5145
7285,5146
7285,5147
7286,5148
7287,5149
7288,5150
7289,5151
7290,2711
7291,5152
7292,5153
7293,5154
7294,4365
7294,5156
7295,4365
7295,3781
7296,5159
7297,5160
7298,5161
7299,5162
7300,5163
7301,5164
7302,5165
7303,5166
7303,5167
7303,5168
7303,5169
7303,5170
7303,5171
7303,5172
7303,5173
7303,5174
7304,5175
7305,9
7306,674
7308,5176
7309,5177
7309,5178
7310,5179
7311,5180
7312,5181
7313,4792
7315,5182
7316,5183
7317,988
7318,5184
7319,5185
7320,5186
7321,5187
7322,1012
7323,1298
7324,5188
7325,3474
7326,5189
7327,5190
7328,489
7329,5191
7329,5192
7330,456
7331,3871
7332,5194
7333,5195
7334,673
7335,5196
7336,5197
7337,4310
7338,585
7339,5198
7341,5199
7342,3552
7343,5200
7344,5201
7345,3214
7346,1106
7347,1251
7348,5203
7349,5204
7350,5205
7351,5206
7352,2955
7354,5208
7355,5209
7356,5210
7358,5211
7359,5212
7360,5066
7360,727
7361,5215
7361,5216
7362,5217
7362,5218
7363,5219
7364,2786
7365,5220
7366,5221
7367,5222
7369,5223
7370,477
7371,1529
7372,297
7372,44
7372,299
7372,80
7372,301
7372,302
7372,303
7372,304
7372,305
7372,306
7372,307
7372,308
7372,309
7373,3890
7374,5224
7375,5225
7376,1950
7377,5226
7378,5227
7379,5228
7381,5229
7382,5230
7383,5231
7384,5232
7385,5233
7386,5234
7387,5220
7388,5235
7389,5236
7389,5237
7390,5238
7391,1797
7392,315
7393,5239
7394,5148
7395,5240
7396,5241
7397,5242
7397,5243
7398,5244
7399,5245
7399,5246
7400,5247
7401,5248
7402,5249
7403,5250
7404,5251
7405,5252
7406,1221
7407,5253
7408,5254
7409,5255
7410,5256
7411,5257
7412,5258
7413,3145
7414,5259
7415,4362
7416,5260
7417,5261
7418,4747
7419,4080
7420,5262
7421,5263
7422,5264
7423,5265
7424,929
7425,5266
7425,5267
7426,5268
7427,3083
7428,5269
7429,724
7430,5270
7431,5271
7432,2026
7433,5272
7434,5273
7434,2941
7435,5275
7436,5276
7437,5277
7437,5278
7438,5279
7439,5280
7440,5281
7441,5282
7441,5283
7442,5284
7442,5285
7443,5286
7445,5287
7446,5288
7447,5289
7448,5290
7449,5291
7450,5292
7452,871
7453,5293
7454,3622
7455,410
7456,5294
7457,3149
7458,5295
7459,5296
7460,5297
7461,5298
7462,5299
7463,5300
7464,5301
7464,5302
7465,3083
7466,3409
7467,5303
7468,5304
7468,2149
7469,5306
7470,5307
7471,5308
7471,5309
7472,286
7473,5310
7474,5311
7475,5312
7476,1510
7477,3316
7477,3317
7477,3318
7477,5316
7477,5317
7478,5318
7478,3316
7478,3317
7478,3318
7479,2914
7480,5322
7481,3409
7482,4507
7482,4506
7483,5325
7484,5326
7485,71
7486,2562
7487,5327
7488,3469
7489,5328
7490,486
7491,3284
7492,5329
7493,5330
7494,3083
7495,4271
7496,5332
7498,5333
7499,5334
7500,4222
7501,4210
7502,5335
7503,1899
7504,5336
7505,5337
7506,5338
7507,5339
7508,5340
7509,3389
7510,5341
7511,5342
7512,5343
7513,5344
7514,5345
7515,3622
7516,5346
7517,5347
7518,5348
7519,5349
7520,5350
7521,332
7522,510
7522,1933
7523,5351
7524,5352
7525,5353
7526,5354
7527,2136
7528,3311
7529,180
7530,5355
7531,988
7532,5356
7532,5357
7533,3278
7534,5358
7535,4632
7535,1382
7535,5361
7535,5362
7536,1944
7537,5363
7538,5364
7539,5365
7540,168
7541,5366
7542,5367
7543,2225
7544,2335
7545,5210
7545,5369
7546,5370
7547,5371
7548,1801
7549,5372
7550,5373
7551,5374
7552,5375
7553,5376
7553,1547
7554,5378
7555,2895
7556,5379
7557,5380
7558,5381
7559,5382
7559,5383
7560,715
7561,5384
7562,5385
7563,5386
7564,5387
7565,5388
7566,5389
7567,5390
7568,2116
7569,5391
7570,5392
7571,5393
7572,5394
7572,5395
7573,5396
7574,5397
7575,2390
7576,5398
7577,2550
7578,5399
7579,5400
7580,5401
7581,1991
7582,5402
7583,5403
7583,5404
7583,5405
7584,5406
7585,5407
7587,3113
7588,2498
7589,3389
7590,5409
7591,5410
7592,5411
7593,5412
7594,5412
7595,3699
7596,3137
7597,5413
7598,3420
7599,5414
7600,5415
7601,5416
7602,5417
7603,3083
7604,5418
7605,3420
7606,5419
7607,3420
7608,5420
7609,5421
7609,5422
7610,634
7610,1850
7611,553
7612,3197
7613,5425
7614,5426
7615,5427
7616,5428
7617,3394
7618,5430
7619,3394
7620,5412
7621,2719
7622,3315
7623,2719
7624,3083
7625,3934
7625,3941
7626,5412
7627,988
7628,988
7629,5431
7630,5432
7631,5433
7632,3083
7633,5412
7634,5434
7635,5435
7636,5436
7637,5437
7638,5438
7639,2132
7640,5439
7641,5440
7642,5441
7643,5442
7643,5443
7644,5444
7645,5445
7646,2818
7647,5446
7649,3090
7650,4631
7651,5447
7652,5448
7652,5449
7652,5450
7653,2556
7654,713
7655,3083
7656,4038
7657,3841
7658,2762
7659,68
7660,5451
7661,5452
7662,5453
7663,5454
7664,5455
7665,5456
7666,225
7667,3878
7668,3315
7669,5457
7670,5458
7671,4716
7672,5459
7673,5460
7674,5461
7675,5462
7676,5463
7676,5464
7677,4269
7678,5466
7679,5467
7680,5468
7681,5469
7681,1703
7682,5471
7683,1238
7684,5472
7684,5473
7685,5474
7686,5475
7687,5476
7688,1614
7689,1249
7690,5477
7691,5478
7692,5479
7693,5480
7694,5481
7695,5482
7696,5483
7697,1317
7698,4481
7698,5485
7700,5486
7701,3178
7702,5487
7703,5488
7704,5489
7705,5490
7706,2155
7707,5491
7708,5492
7709,5493
7710,5494
7711,3210
7712,5495
7713,5496
7714,1457
7715,5497
7716,5498
7717,5499
7718,5500
7719,44
7720,5501
7721,56
7722,5502
7723,5131
7724,2768
7725,4523
7726,2777
7727,5504
7728,5505
7728,5506
7729,5507
7730,4789
7731,5508
7732,2917
7733,5509
7734,5510
7735,5511
7736,5512
7737,5513
7738,5514
7739,5515
7740,5516
7741,5517
7742,3622
7743,1223
7743,3622
7744,3745
7745,5520
7746,2618
7747,793
7748,1271
7749,1431
7749,5522
7749,5523
7749,5524
7749,1432
7750,5526
7751,5527
7752,2518
7753,3083
7754,5528
7755,5529
7756,5530
7757,5531
7758,5532
7759,5533
7760,5534
7761,5535
7762,5536
7762,5537
7763,5538
7764,5539
7765,5540
7766,5541
7767,507
7768,5542
7769,5543
7770,625
7771,830
7772,5535
7773,5545
7774,4696
7775,5547
7776,2659
7777,5548
7778,5548
7779,5549
7780,5550
7781,5551
7782,5552
7783,5553
7784,5554
7784,5555
7784,5556
7785,5557
7786,5558
7787,1251
7788,5559
7789,2579
7790,5560
7790,5561
7791,403
7792,5562
7793,5563
7794,1398
7795,5564
7796,5565
7797,5566
7798,5567
7799,5568
7800,5569
7801,4301
7801,4300
7802,5572
7803,4113
7804,3062
7805,5573
7805,546
7806,5575
7806,5576
7806,546
7807,5578
7808,5579
7809,5580
7810,5581
7810,5582
7811,5583
7812,5584
7813,5585
7814,5586
7815,5587
7816,5588
7817,5589
7818,5590
7819,5591
7819,5592
7820,5593
7821,263
7822,3228
7823,5594
7824,5578
7824,5596
7824,5597
7825,5598
7826,5599
7827,5600
7828,3138
7829,5601
7829,5602
7830,5603
7831,4259
7832,5604
7833,5589
7834,5605
7835,5606
7836,5607
7837,5608
7837,532
7838,3569
7839,3569
7840,5610
7841,5605
7842,928
7843,5611
7844,5612
7845,4748
7845,2001
7846,5613
7847,5614
7848,5615
7849,5616
7850,4155
7851,1221
7852,3127
7853,5617
7854,1443
7855,3409
7856,986
7857,3469
7858,5618
7859,5619
7860,5620
7861,5621
7862,5299
7863,2269
7864,5622
7865,5623
7866,5624
7867,5625
7868,5626
7868,5627
7869,4905
7870,5629
7870,5630
7871,5631
7872,2927
7873,5632
7874,5633
7874,5634
7875,5635
7876,5636
7877,5637
7878,5638
7879,2136
7880,5639
7881,4270
7882,5641
7883,5642
7884,5643
7885,5644
7886,5645
7887,5646
7888,5647
7889,5648
7890,1067
7891,5649
7891,5650
7892,5651
7893,5652
7894,1900
7895,5653
7896,5654
7897,5655
7898,5656
7899,5657
7900,5658
7901,885
7903,5659
7903,2070
7904,745
7905,5661
7907,5662
7908,1963
7909,5663
7910,5664
7911,5665
7912,5666
7913,5109
7914,5667
7915,599
7916,1796
7917,5668
7918,5669
7918,5670
7918,5671
7918,5672
7918,5673
7918,5674
7919,3930
7920,5675
7921,5676
7922,5677
7923,5678
7924,3496
7925,5679
7926,5680
7927,5681
7928,3764
7928,1519
7928,3764
7928,5685
7928,5686
7929,5687
7930,5688
7931,5689
7932,5690
7933,5691
7934,5692
7936,2825
7937,5693
7938,5694
7938,5695
7938,5696
7939,5697
7940,5698
7941,5699
7942,5700
7942,5701
7943,5702
7944,5703
7945,5704
7946,382
7947,2706
7948,999
7949,5705
7950,172
7951,994
7952,1512
7953,5706
7954,5707
7955,5708
7956,5709
7957,5710
7958,2297
7959,3321
7959,3322
7960,5711
7961,5712
7962,5713
7963,5714
7964,5715
7965,5716
7966,5717
7967,5718
7968,5719
7969,5720
7970,5721
7971,5722
7972,5723
7972,5724
7973,5725
7974,5726
7975,5727
7976,5728
7977,5729
7978,5730
7979,3595
7979,5732
7980,5057
7981,5733
7982,5734
7983,5735
7984,5197
7985,2497
7986,5736
7986,5132
7987,5738
7988,3017
7989,902
7990,5739
7991,5740
7992,5741
7992,5742
7993,5743
7994,5744
7995,4138
7996,5745
7997,2367
7997,2368
7998,354
7999,5746
7999,2821
8000,5748
8001,5749
8002,4957
8003,2759
8004,5024
8005,2685
8006,5750
8007,5751
8008,1221
8009,5752
8010,5753
8011,1412
8012,5754
8013,5755
